0.0, 0.0, 0.0, 0.0, 0.0
2.7652506828308105, 1.2429853677749634, -2.76810981331883, 0.1636084338487225, -325.6599780375094
2.265532255172729, 1.017783284187317, -2.7325566430921784, 1.893590708147834, -0.0761626646049924
1.8002026081085205, 0.8160616159439087, -2.734957425107961, 2.3358859642541527, -0.0971250279004256
1.2396516799926758, 0.5820311903953552, -2.74560302906116, 2.6827613381330497, -0.5488214772539128
0.6075389981269836, 0.3512856960296631, -2.8510399436997664, 3.014693891717827, -5.084065955187543
0.0766749903559684, 0.2209544330835342, -2.9406102073366904, 3.2469215243758773, -2.1824041886583703
-0.5288481712341309, 0.1039270013570785, -2.9551844498392272, 3.4940708498199755, -0.4923281613378052
-1.1628905534744265, -0.0065462552011013, -2.964830681541109, 3.7073895815868094, -0.3833235802335449
-1.8101143836975095, -0.1170432046055793, -2.9705516645642005, 3.879281422507739, -0.0927164811589583
-2.494250059127808, -0.225148469209671, -2.970278016844417, 4.013518584575542, 0.017984982137708
-3.2516932487487797, -0.3476610779762268, -2.9726102928907947, 4.117393456064894, -0.1135187858256614
-4.006124496459961, -0.4641142785549164, -2.972634587712659, 4.206244185406407, 0.0775567247747776
-4.7075300216674805, -0.5748375654220581, -2.9729759193173217, 4.270204350569519, -0.0946984940582788
-5.2169036865234375, -0.6579121351242065, -2.975393575926704, 4.299687615660714, -0.1312765359226041
-5.756631851196289, -0.7433016896247864, -2.980762122385764, 4.329399259767302, -0.4053735033852155
-6.251590251922607, -0.8195520639419556, -2.9889882218300308, 4.348841561791703, -0.4552004002892155
-6.769627571105957, -0.8947007060050964, -2.9983751188393413, 4.362940872839576, -0.6045729980129558
-7.271625995635986, -0.9627419710159302, -3.00777586041162, 4.373086555662256, -0.5181835428586032
-7.824509620666504, -1.0317844152450562, -3.023666644763745, 4.378329921117329, -1.1270657147317564
-8.327083587646484, -1.085078239440918, -3.0473204950251933, 4.383658232696638, -1.333648800585194
-8.84330940246582, -1.1271004676818848, -3.0729851150960297, 4.383323943107935, -1.3760100452286144
-9.393831253051758, -1.157190203666687, -3.1001748145237764, 4.384469336268222, -1.5234110722963916
-9.915173530578612, -1.171216607093811, -3.1261095956089866, 4.3873110710493695, -1.6539100968170153
-10.429826736450195, -1.171430587768555, 3.136283368643894, 4.403492878818649, 738.0384359385359
-10.957131385803224, -1.1582809686660769, 3.12222890344252, 4.381227035053353, -0.7013115514488197
-11.47425365447998, -1.1381194591522217, 3.1105667049878427, 4.382572231430506, -0.6285727116859785
-11.995115280151367, -1.1102526187896729, 3.100741434808521, 4.362068272053004, -0.4738733889645211
-12.563546180725098, -1.0757311582565308, 3.093340964878527, 4.363806316683103, -0.4611800923186973
-13.078579902648926, -1.0416011810302734, 3.0863034636076785, 4.35752827657135, -0.4185055083480862
-13.583338737487791, -1.003420114517212, 3.078811335516326, 4.352314819018602, -0.4992025049102011
-14.09364128112793, -0.9638410210609436, 3.0717656199474064, 4.35650474160716, -0.3926391319540932
-14.646062850952148, -0.9138646721839904, 3.0629005491158896, 4.338422417521717, -0.5345362422072742
-15.148550987243652, -0.86585932970047, 3.055787563515988, 4.326132821252758, -0.4300238945175498
-15.668794631958008, -0.810143768787384, 3.047933551355742, 4.296929285002554, -0.4940174785126316
-16.439830780029297, -0.723379909992218, 3.037319222433396, 4.265090749246138, -0.4901751286228684
-17.16140365600586, -0.6346880197525024, 3.0261739515462374, 4.232171757410718, -0.4710302592649556
-17.697967529296875, -0.5593631863594055, 3.0065621706123293, 4.205324099476388, -1.3784389130732426
-18.41398429870605, -0.4394068717956543, 2.9612760252531336, 4.176209165928353, -1.7015254555330894
-18.90939712524414, -0.3389904201030731, 2.93610248968708, 4.164650973575037, -1.1919967569197938
-19.663419723510746, -0.1678152382373809, 2.9194544921519974, 4.1199701778755164, -0.6498834888051122
-20.38922500610352, 0.0160760264843702, 2.903791297576219, 4.082229870675568, -0.7046389332132379
-21.067033767700195, 0.1986873745918274, 2.8855821217293087, 4.072552031999102, -0.6964329349119763
-21.56371688842773, 0.3427779078483581, 2.860776926424415, 4.071943497186192, -1.7135019732060055
-22.216562271118164, 0.5523624420166016, 2.812402225337384, 4.081917702000412, -1.6661109060066372
-22.70273208618164, 0.7274492979049683, 2.801891133828728, 4.075966848867894, -0.4287115406651889
-23.404296875, 0.991038739681244, 2.7931306529482693, 4.0732785875906, -0.3945170252197146
-24.063501358032227, 1.246498465538025, 2.783471153282637, 4.043066963488421, -0.3864906113775473
-24.75057983398437, 1.5249438285827637, 2.774048090627687, 4.006316956442261, -0.3755232822059727
-25.382680892944336, 1.790414333343506, 2.7602118506589868, 3.97386915419362, -0.6290538275996231
-26.049678802490234, 2.083624124526977, 2.735915113874245, 3.9615818951637536, -1.1222126155624783
-26.709962844848636, 2.398552417755127, 2.6980100306671595, 3.920820337163494, -2.0499313554629675
-27.317426681518555, 2.7236404418945312, 2.667849082460755, 3.873799190441325, -0.7674718711418481
-27.930551528930664, 3.06610369682312, 2.65640757003641, 3.8376336549436094, -0.4610113530196671
-28.528566360473636, 3.416224956512451, 2.6301875703864166, 3.8256823306522567, -1.639864506733179
-29.10666847229004, 3.778326749801636, 2.5994721411813817, 3.820710318942221, -0.7635662834025136
-29.687726974487305, 4.1608734130859375, 2.575727064801155, 3.830924344653154, -1.509143164194129
-30.231143951416016, 4.5519866943359375, 2.5356836931720004, 3.8102680596003857, -1.2900667384385274
-30.79893493652344, 4.984322547912598, 2.525395810936689, 3.782872779270595, -0.3806997609092252
-31.311525344848636, 5.381021499633789, 2.5158826357150783, 3.757743813926906, -0.3674330772173227
-31.85384750366211, 5.806695938110352, 2.504482786255961, 3.7514292907242193, -0.3731109237572341
-32.40003967285156, 6.243213176727295, 2.4939414132873683, 3.744376541866637, -0.4336595987986622
-32.919307708740234, 6.668008804321289, 2.4837120560342534, 3.728855146934146, -0.4278571127444596
-33.41884994506836, 7.085615634918213, 2.4741067887665302, 3.7182674500475086, -0.350618876118477
-33.9490852355957, 7.536371231079102, 2.462767330793774, 3.7035981483564746, -0.5097529456215
-34.427574157714844, 7.949622631072998, 2.4518065225766077, 3.7218974377557448, -0.3965840977656816
-34.94057083129883, 8.407586097717285, 2.4387812729522, 3.725002895362037, -0.5434689152773127
-35.428001403808594, 8.853006362915039, 2.4265378419209758, 3.754682561010628, -0.4924977631182681
-35.93407440185547, 9.328660011291504, 2.413356287887924, 3.7085613440171454, -0.5244170430136604
-36.421875, 9.8002290725708, 2.400966894819182, 3.7067341232748094, -0.6927537411005602
-36.85956573486328, 10.238931655883787, 2.348545227842457, 3.7489770760541847, -2.987604867519961
-37.30117034912109, 10.744100570678713, 2.260482194169535, 3.7837891366968255, -3.028591262244346
-37.72161483764648, 11.299299240112305, 2.22317769923073, 3.827644131334816, -0.6043636824306772
-38.143211364746094, 11.890738487243652, 2.1935894944220458, 3.865179372841484, -1.9058149352392704
-38.50289535522461, 12.445147514343262, 2.136758459750692, 3.908879478425984, -1.7167785195918503
-38.76055145263672, 12.876784324645996, 2.112376182494403, 3.9258779906302896, -1.4740644767258422
-39.09502029418945, 13.46926498413086, 2.0852689904363686, 3.9377807228906048, -0.7486220619084516
-39.44025039672852, 14.11582088470459, 2.0700544590434475, 3.9647725921919226, -0.6654825306587832
-39.75180435180664, 14.720752716064451, 2.055322812244839, 3.977416297755192, -0.5287530642218364
-39.98526763916016, 15.18341064453125, 2.051664132847611, 3.982646557064864, -0.0927130981273779
-40.31080627441406, 15.830245971679688, 2.060552788950986, 3.970045622879145, 0.4864422162690536
-40.63905334472656, 16.47307014465332, 2.072559582205537, 3.9688754021833934, 0.4752807611408622
-40.9516487121582, 17.066919326782227, 2.079902538421754, 3.974834821572518, 0.2940137830324704
-41.29133224487305, 17.707948684692383, 2.0864237861275683, 3.9969521851510654, 0.0735725288688789
-41.61431884765625, 18.310789108276367, 2.07773634894968, 4.018425845574835, -0.4431471072535523
-41.85636520385742, 18.77488899230957, 2.0602635112623835, 4.0217782439983685, -1.2225785380098295
-42.17334747314453, 19.41948890686035, 2.022067046653902, 4.03509432771137, -1.2590910871697711
-42.47960662841797, 20.09468460083008, 2.0143439134371306, 4.037118347893498, -0.0947554540763666
-42.76201248168945, 20.718692779541016, 2.012907124351188, 4.023582890120849, -0.0234788201527055
-42.96966171264648, 21.174001693725582, 2.010521303860372, 4.021434793110408, -0.1618047339278995
-43.2652473449707, 21.818824768066406, 2.008545373571847, 4.011602067051852, -0.0673653742171692
-43.576053619384766, 22.49073982238769, 2.01222068709124, 3.93961011980259, 0.2986908964900979
-43.88282775878906, 23.14500999450684, 2.023760669283459, 3.912144746647211, 0.3790969317592975
-44.18326187133789, 23.75037384033203, 2.033741045149071, 3.8818292745322727, 0.3990447856602773
-44.49600982666016, 24.35365867614746, 2.0449265536991774, 3.88318964917126, 0.4478479125113879
-44.809608459472656, 24.948007583618164, 2.0565185767731915, 3.8669388130091447, 0.4812755088022747
-45.16020965576172, 25.59542465209961, 2.069561320955196, 3.853748011037346, 0.5095916179048241
-45.48867416381836, 26.18876075744629, 2.0809046075123536, 3.82197561615674, 0.4461342999510933
-45.82965087890625, 26.776397705078125, 2.094581291452341, 3.79507099200953, 0.4808287857524028
-46.17591857910156, 27.36144256591797, 2.1058477747898863, 3.772072009936173, 0.407003279285125
-46.53654098510742, 27.94793128967285, 2.117698398243583, 3.7404294897874464, 0.411101905453936
-46.89384841918945, 28.51415634155273, 2.1285186320261857, 3.7122074762038695, 0.3691552132652062
-47.25126266479492, 29.06756019592285, 2.1353605606714767, 3.68219586251841, 0.1425917705338515
-47.61583709716797, 29.633724212646484, 2.1202158567522265, 3.645773521093731, -1.1749328107964965
-47.96242904663086, 30.201549530029297, 2.074849700121256, 3.6038636850544656, -1.4916915612327506
-48.28094100952149, 30.764381408691406, 2.0723271317570706, 3.5564531212126886, 0.0634108810005199
-48.5937728881836, 31.320646286010746, 2.074122079531872, 3.5197021256703382, 0.0605491268794199
-48.90128707885742, 31.87195205688477, 2.0724257624729896, 3.48412763231234, -0.0653363311621834
-49.18782043457031, 32.38873672485352, 2.072953118220947, 3.449564757418549, 0.0189902277489044
-49.48801803588867, 32.92964172363281, 2.0727723213055924, 3.4129165200568674, -0.0105428039018395
-49.7999153137207, 33.484832763671875, 2.0732245256232424, 3.377506125648692, 0.0594041295049115
-50.091922760009766, 34.00757598876953, 2.074084233823206, 3.3621067269263527, -0.0065574504227662
-50.38111877441406, 34.51807403564453, 2.075389791395965, 3.329514084700644, 0.0212319292097032
-50.67998123168945, 35.050533294677734, 2.075247212498918, 3.276877773888191, -0.1059391922598544
-50.95168685913086, 35.544857025146484, 2.0740403919650507, 3.2482946611589685, -0.0395613010496313
-51.23944854736328, 36.07119369506836, 2.0733944104715274, 3.2149272974758403, -0.0187967952221241
-51.512454986572266, 36.56609725952149, 2.073443203434052, 3.2049890797379423, 0.056088683395572
-51.78932189941406, 37.07127380371094, 2.0747748419231087, 3.1907555227133506, 0.0238053943974763
-52.055702209472656, 37.54999542236328, 2.082081586858472, 3.173419570082317, 0.3932981350122295
-52.34273147583008, 38.05318832397461, 2.100428750636089, 3.1266477909957278, 0.6955044051414665
-52.63425064086914, 38.53303146362305, 2.127749558761117, 3.087271685905817, 0.9740369576567952
-52.94721221923828, 39.0159912109375, 2.1588970241688727, 3.0820030537806367, 1.1393552074170623
-53.25720977783203, 39.47201156616211, 2.170579732533069, 3.0728527607801444, 0.2148008813642873
-53.56692123413086, 39.92598724365234, 2.1750487364675752, 3.0498973403747773, 0.1994452606859114
-53.878211975097656, 40.36661148071289, 2.178303880777184, 3.0447140219535087, 0.0161199121265971
-54.193729400634766, 40.81248092651367, 2.182757949096926, 3.0376743603353904, 0.1221932809368971
-54.51313018798828, 41.249114990234375, 2.1889964295302864, 3.022783861785299, 0.3025280262918653
-54.83260726928711, 41.67890548706055, 2.195248068210665, 3.019953769675176, 0.2464200143829152
-55.15274810791016, 42.10204315185547, 2.199868920417911, 3.0229821880365493, 0.168041156586503
-55.49262237548828, 42.55066680908203, 2.2042113527715, 3.025257962051778, 0.0742119718879888
-55.81186294555664, 42.9775619506836, 2.206554863880021, 2.995544971222083, 0.0668647981581341
-56.1196174621582, 43.38462448120117, 2.208575204191097, 2.9852463941745726, 0.0781794057643193
-56.44756317138672, 43.82332992553711, 2.2128680975090926, 2.972427491608123, 0.1799145729470427
-56.76654815673828, 44.24964904785156, 2.2166393610910085, 2.9812892268547926, 0.1347603511702874
-57.09916687011719, 44.687137603759766, 2.221682937181665, 2.9723920054734405, 0.2105446786427812
-57.41996383666992, 45.10470199584961, 2.2320720987577616, 2.97967810609838, 0.3874641009391368
-57.74753952026367, 45.52302551269531, 2.2418259040326385, 2.9966333772538305, 0.3796408858117129
-58.075496673583984, 45.93276596069336, 2.253392427533905, 3.00356110003968, 0.4621917194688512
-58.43886566162109, 46.370849609375, 2.26847351200154, 3.025060276477633, 0.6048791096599405
-58.78056335449219, 46.77277755737305, 2.282217738989403, 3.041528605067364, 0.473490192488559
-59.15081787109375, 47.19234085083008, 2.2984271695255334, 3.0282860281939903, 0.72779120365381
-59.52094650268555, 47.59201431274414, 2.315964578895212, 3.029409328088477, 0.6939122866178593
-59.8926887512207, 47.98141860961914, 2.333053596133224, 3.0364101671214065, 0.695734161020625
-60.26984405517578, 48.36562728881836, 2.3560591659236696, 3.047495146810044, 1.275082887731822
-60.65898895263672, 48.74288940429688, 2.384823412927012, 3.0641904283804107, 1.0426708172387118
-61.08945846557617, 49.135379791259766, 2.4150511261537577, 3.078987091222801, 1.169913659285668
-61.50373458862305, 49.4919319152832, 2.4430134631635827, 3.136472045660783, 1.1810646048828362
-61.9348030090332, 49.83570861816406, 2.470767158480287, 3.162663554029836, 1.1079689770826582
-62.39581298828125, 50.18147277832031, 2.4969814767299674, 3.2236156808190337, 0.9996557718364
-62.873294830322266, 50.52510452270508, 2.514306533380621, 3.2532654697609797, 0.5169200332054114
-63.32160186767578, 50.84005355834961, 2.5239536114150845, 3.294743542108201, 0.3556716419801375
-63.82674789428711, 51.19154739379883, 2.519389865602599, 3.333709343404092, -0.5446657931352076
-64.30115509033203, 51.52982711791992, 2.4914491596575523, 3.371762447611122, -1.2984601794934998
-64.79265594482422, 51.902103424072266, 2.476314297770484, 3.419041094696075, -0.0449929121849797
-65.26344299316406, 52.263431549072266, 2.4828943180722067, 3.463549072427699, 0.3219939616400951
-65.78678131103516, 52.65755081176758, 2.497119776527952, 3.5078826149277837, 0.6632857641664625
-66.2995376586914, 53.02810287475586, 2.5152070140429714, 3.544872761843725, 0.7655392393224586
-66.83120727539062, 53.39824676513672, 2.533954388138873, 3.5774196489049706, 0.7866756740882277
-67.35295104980469, 53.74647521972656, 2.551972760876658, 3.6051748250915465, 0.6704488218669143
-67.90077209472656, 54.097747802734375, 2.5706421644882926, 3.6263396775900407, 0.7450012684574523
-68.4656982421875, 54.44889831542969, 2.5816120699864005, 3.6425720337081047, 0.3578597565315951
-68.9980239868164, 54.77337646484375, 2.5897221884207315, 3.673290287119245, 0.2786842406194978
-69.56429290771484, 55.11661148071289, 2.6015439467057977, 3.69530404187914, 0.410018563949484
-70.15662384033203, 55.46478271484375, 2.6136045641572423, 3.741840095309513, 0.5082889195648267
-70.73001861572266, 55.79323196411133, 2.623955292727356, 3.767016751881082, 0.4250642753114544
-71.33714294433594, 56.13157272338867, 2.6346505639007702, 3.7907101531319616, 0.450610347035131
-71.91167449951172, 56.44126510620117, 2.6468839867230702, 3.802202143489388, 0.4593574810355709
-72.52933502197266, 56.76393508911133, 2.6630653415470302, 3.807247047507754, 0.5672629939261372
-73.16219329833984, 57.07883071899414, 2.683113002812753, 3.794107217683985, 0.8612764952335329
-73.7811050415039, 57.37461471557617, 2.70556183713593, 3.813066583421746, 1.002745416986946
-74.37492370605469, 57.63844299316406, 2.7299053064400507, 3.806601816030764, 0.9956203565263584
-75.01293182373047, 57.901981353759766, 2.7556713853624606, 3.832246556466086, 1.063377793050853
-75.63179016113281, 58.13986587524414, 2.780282650242232, 3.8612120362264575, 0.8269476308709169
-76.30165100097656, 58.38094711303711, 2.800671771977031, 3.892839520510228, 0.5882367764634884
-76.95868682861328, 58.60724639892578, 2.811021800794663, 3.92640352243645, 0.3713707605320049
-77.62876892089844, 58.82525253295898, 2.822234613015561, 3.948794398369361, 0.474882896133726
-78.33000183105469, 59.04581069946289, 2.8330207550833943, 3.95541901616146, 0.406217009982387
-78.9966049194336, 59.23854446411133, 2.845175481276621, 3.924805266663931, 0.5608459267643606
-79.68043518066406, 59.43279647827149, 2.860461198882242, 3.977862351155681, 0.6643246417724167
-80.33345794677734, 59.61466217041016, 2.871555427942207, 3.9843222085392, 0.3920784611780907
-80.8292236328125, 59.74985885620117, 2.878866463774961, 4.003108639229489, 0.4320887948303
-81.52098083496094, 59.929569244384766, 2.889284741628304, 4.0336948975418, 0.4372760174580998
-82.22232055664062, 60.10341262817383, 2.8999262553183627, 4.067122949410207, 0.4451556364672459
-82.94349670410156, 60.27526092529297, 2.9103088722778248, 4.102467270997467, 0.4402753929447973
-83.63700103759766, 60.43703079223633, 2.9164861464597696, 4.094500483143811, 0.0829082557318205
-84.3695297241211, 60.60365676879883, 2.891400574533913, 4.106496797455765, -1.6480709881264906
-85.06717681884766, 60.78653717041016, 2.859990611345678, 4.111235485880004, -0.7493865678929309
-85.77759552001953, 60.98652648925781, 2.856400420627025, 4.121022766297851, -0.0275603755908051
-86.5072021484375, 61.19387435913086, 2.854621489718085, 4.148915685283278, -0.1444647456977823
-87.22298431396484, 61.39682388305664, 2.853197062256028, 4.171208737718845, -0.041596692682333
-87.9400405883789, 61.60351943969727, 2.8546005555713005, 4.196157892592654, 0.0616933239634801
-88.67485809326172, 61.81272888183594, 2.8591224686495504, 4.222194627960232, 0.2206832231926662
-89.3613052368164, 62.00453567504883, 2.86621530359489, 4.239173412065988, 0.3025875875243604
-89.84722137451172, 62.1369514465332, 2.8737528376858403, 4.252380309947017, 0.4539386462684212
-90.3843994140625, 62.2777099609375, 2.8899623194832795, 4.267131974939264, 1.0846472843203718
-91.12751007080078, 62.45347595214844, 2.927359304907544, 4.286639566039614, 1.7254294220178428
-91.84076690673828, 62.594051361083984, 2.9636733465874565, 4.308198423821928, 1.2390699921513588
-92.34075927734376, 62.679443359375, 2.9720518168286034, 4.321866628094059, 0.3511813520134619
-92.88843536376952, 62.76849365234375, 2.97761065046184, 4.337977861400503, 0.3023594150197836
-93.60958862304688, 62.88174057006836, 2.9843089728700445, 4.354153154949493, 0.2591755213912998
-94.1253433227539, 62.96101379394531, 2.989304290647973, 4.362146372830204, 0.2545132973370556
-94.6389617919922, 63.04044723510742, 2.993947699341885, 4.380333630418641, 0.2063240094677856
-95.18367004394533, 63.1222038269043, 2.999138592431354, 4.397305180645932, 0.3165215047183857
-95.7008285522461, 63.19602584838867, 3.0052930720319946, 4.417381440021165, 0.3881339558024793
-96.22342681884766, 63.26805877685547, 3.0109952905491646, 4.436093839977456, 0.3646067335851952
-96.72130584716795, 63.32957458496094, 3.0178420608935044, 4.4323322588939575, 0.3237329297148881
-97.28875732421876, 63.39559555053711, 3.0243970348598044, 4.441788175432746, 0.3936075656180214
-98.05391693115234, 63.48293685913086, 3.0332859400102805, 4.459682313130211, 0.3826305370544122
-98.5963134765625, 63.5428581237793, 3.0390352399389187, 4.466815796458488, 0.3531368360467765
-99.14869689941406, 63.60142135620117, 3.043674731766318, 4.489349018105539, 0.2719487297427162
-99.6678695678711, 63.65214157104492, 3.049169224567489, 4.493396964576967, 0.4141205241982875
-100.1925277709961, 63.70155715942383, 3.054618607912277, 4.495041777388341, 0.2880534356407756
-100.7199478149414, 63.74745559692383, 3.060633802051101, 4.504032299423509, 0.3826496371726051
-101.27959442138672, 63.79176712036133, 3.068039774351913, 4.501467947899906, 0.4481364515286944
-101.81159973144533, 63.83102416992188, 3.07144704056938, 4.51058104920907, 0.0921827596095969
-102.3303680419922, 63.8681526184082, 3.0669290637624678, 4.514814915661885, -0.3419068937917134
-102.86656188964844, 63.91290283203125, 3.0483097236786936, 4.522871567715546, -1.1748549865004692
-103.3902587890625, 63.96397399902344, 3.0203515116297623, 4.525474878520146, -1.4508521403540608
-103.96369171142578, 64.0306167602539, 3.00787771611452, 4.530122313160541, -0.3847417159581609
-104.50755310058594, 64.0992202758789, 3.0068989743811514, 4.5345967158426514, 0.0167132090390588
-105.02800750732422, 64.16445922851562, 3.008223632002188, 4.540098268633397, 0.1180659236689131
-105.56426239013672, 64.23344421386719, 3.009740407290065, 4.553528383365232, 0.0780777287770713
-106.11750793457033, 64.30448150634766, 3.011288753650554, 4.555983513549352, 0.0968615094295903
-106.66951751708984, 64.37837982177734, 3.0110710699337373, 4.572041674327648, -0.007721268739883
-107.21762084960938, 64.45196533203125, 3.0117738340815814, 4.5816485023267175, 0.0446263512999093
-107.72017669677734, 64.52017211914062, 3.012169012846476, 4.580496307217284, 0.0152665128929641
-108.31261444091795, 64.59929656982422, 3.012385498426397, 4.583254244679068, 0.022664666104579
-108.85496520996094, 64.67345428466797, 3.012673753079028, 4.5926137208646125, 0.0383412096932665
-109.39598083496094, 64.74649047851562, 3.0144566500936403, 4.591402814186364, 0.1676461061697576
-109.9317855834961, 64.81481170654297, 3.0165513684787406, 4.587029605152393, 0.1287865583116306
-110.46340942382812, 64.8809814453125, 3.0168509156520606, 4.585098640238768, 0.0576152898875104
-111.04444885253906, 64.95365142822266, 3.0196753782830843, 4.586117628102673, 0.188553398183068
-111.57058715820312, 65.01749420166016, 3.022167112298624, 4.581922682549323, 0.1110120708710461
-112.09395599365234, 65.08003997802734, 3.0213843911396605, 4.584222806960591, -0.1114819984649821
-112.62548828125, 65.14317321777344, 3.01915572405864, 4.592610590791149, -0.1581896269785227
-113.16693115234376, 65.2079086303711, 3.02064263987017, 4.591978001412769, 0.1158451379297656
-113.74944305419922, 65.27909088134766, 3.0227509910830967, 4.58374584791123, 0.1194142331496048
-114.27156066894533, 65.3407211303711, 3.025156229874149, 4.582667283052293, 0.1204336544622505
-114.85272979736328, 65.4100341796875, 3.0287260630030586, 4.580340320183981, 0.2133368552181694
-115.3669891357422, 65.47051239013672, 3.0316839011102443, 4.5832442050286, 0.1548937505301077
-115.906494140625, 65.53008270263672, 3.0352642536404213, 4.587306442531252, 0.1877008500251938
-116.44672393798828, 65.5877456665039, 3.0383837764034247, 4.591438158939901, 0.1502744593049201
-117.0005111694336, 65.6431884765625, 3.042210694049432, 4.600115215930463, 0.2213765330819562
-117.5814437866211, 65.6986083984375, 3.0458293082101866, 4.607923567976834, 0.1832741601463288
-118.10488891601562, 65.74607849121094, 3.048531342847108, 4.614058429020257, 0.1712582938197178
-118.67910766601562, 65.79634857177734, 3.051421251137618, 4.619904374880269, 0.1674903088000857
-119.20488739013672, 65.84095001220703, 3.0540252690431258, 4.624412572050158, 0.1699219638049159
-119.75747680664062, 65.8861083984375, 3.0568022462785223, 4.627233523960598, 0.149762443343683
-120.33773803710938, 65.93193817138672, 3.059665655550331, 4.630411048926313, 0.1671191348391854
-120.87493133544922, 65.9729232788086, 3.0623455885328497, 4.63412362848413, 0.173809350400547
-121.42121887207033, 66.0131607055664, 3.065139376031732, 4.637092612710824, 0.1815808044555754
-121.96882629394533, 66.05209350585938, 3.067876136592464, 4.642085466957382, 0.1767604160369023
-122.51048278808594, 66.08915710449219, 3.0706311878458736, 4.646454834196678, 0.1511605604607691
-123.05255889892578, 66.12448120117188, 3.073484008275038, 4.648713751246158, 0.155596711120133
-123.6455078125, 66.16170501708984, 3.0766207428773686, 4.650477982019136, 0.1948004434433456
-124.19711303710938, 66.19489288330078, 3.081828279141256, 4.657245208993633, 0.3514143693149161
-124.73921966552734, 66.22454071044922, 3.087943071149996, 4.669732650404615, 0.4065105671737006
-125.30709075927734, 66.25273895263672, 3.0952273705895763, 4.670139546471448, 0.4414270858373804
-125.8193130493164, 66.27366638183594, 3.102959912873475, 4.69292575571121, 0.5095006539207665
-126.42546844482422, 66.2928695678711, 3.1207765259134863, 4.706890361260188, 1.2754344849501944
-126.98716735839844, 66.29835510253906, -3.137249050856345, 4.712973314242135, -737.504807326864
-127.5373306274414, 66.28959655761719, -3.1147481019226726, 4.730726351593397, 1.2822521936202276
-128.13560485839844, 66.26856994628906, -3.105235971450325, 4.743051566848083, 0.4514745600112407
-128.68905639648438, 66.24384307861328, -3.0987367709010023, 4.750946757140755, 0.4093248169178978
-129.23486328125, 66.21525573730469, -3.0927014482997235, 4.756175534918367, 0.3833452359773053
-129.81454467773438, 66.18317413330078, -3.0874751765052797, 4.75113545623292, 0.2945035757200287
-130.37611389160156, 66.14999389648438, -3.083140954859987, 4.756512526431332, 0.2437774486941347
-130.92822265625, 66.11634826660156, -3.0778512040616386, 4.767683305769483, 0.2893813547104345
-131.48880004882812, 66.08084869384766, -3.0718189275553183, 4.764347403884774, 0.3023515905432398
-132.08709716796875, 66.03546905517578, -3.0642124675462368, 4.776079420018196, 0.4723378676242199
-132.63681030273438, 65.98902130126953, -3.0540960217649946, 4.787278689436942, 0.6208158067812268
-133.22052001953125, 65.935791015625, -3.039158802126792, 4.802091179634816, 0.9332699407137108
-133.7749481201172, 65.87706756591797, -3.0235380406271397, 4.812764000304683, 0.8304181540210339
-134.37425231933594, 65.80522918701172, -3.0077225415543545, 4.827958721648969, 0.9268348196674816
-134.964111328125, 65.7225112915039, -2.9962889257140697, 4.842501715826476, 0.5771550553203585
-135.5139923095703, 65.63818359375, -2.988255339204504, 4.852910547732763, 0.5240783491527293
-136.1031036376953, 65.5413589477539, -2.9800141506941715, 4.86064509925488, 0.4865603815763443
-136.67762756347656, 65.44222259521484, -2.972155455501488, 4.865727737071547, 0.5080724159870943
-137.2366485595703, 65.34241485595703, -2.964244682708456, 4.876581603942871, 0.4311759043945324
-137.79498291015625, 65.22991180419922, -2.9557173923354654, 4.87728344459592, 0.4838049366533425
-138.367431640625, 65.113037109375, -2.947490039644996, 4.889596340186335, 0.4625133119493921
-138.93972778320312, 65.00001525878906, -2.9394480976006427, 4.893558205282324, 0.3902325946892032
-139.5157012939453, 64.88285827636719, -2.933387909959107, 4.899174554793256, 0.2887139479353601
-140.09019470214844, 64.76223754882812, -2.9298102785776665, 4.907661076435407, 0.1330048446006854
-140.66754150390625, 64.63826751708984, -2.932645516529723, 4.922673282182162, -0.2376536165254559
-141.24746704101562, 64.51776885986328, -2.9498930184459056, 4.93036007887508, -1.2094280969920803
-141.81101989746094, 64.41145324707031, -2.985943371667009, 4.93144786196006, -1.8649690173901945
-142.4346466064453, 64.31462097167969, -2.998900042256621, 4.946209291962209, -0.3722280575227355
-142.98516845703125, 64.23265838623047, -2.9993471215084337, 4.957005259758014, 0.0216324677308509
-143.6044158935547, 64.14285278320312, -3.0000741216314726, 4.954194927622602, -0.0564047168595456
-144.1625213623047, 64.06288146972656, -3.0011643283309146, 4.964103004318016, -0.0626088554074964
-144.7741241455078, 63.97589111328125, -3.0000050111780325, 4.969212204011698, 0.095163626294065
-145.33689880371094, 63.89659118652344, -2.9965808641147635, 4.982782509944909, 0.3260586399972333
-145.93545532226562, 63.80891418457031, -2.9844212481406096, 4.983673108278769, 0.860380780901024
-146.4942169189453, 63.72003936767578, -2.9665314689624367, 4.992142908496091, 0.9954966786283178
-147.0784912109375, 63.61126708984375, -2.945473716480672, 4.9980591103756185, 1.1261122129665784
-147.6933135986328, 63.48948669433594, -2.9315280533540244, 5.005814610239015, 0.4142194606957658
-148.3078155517578, 63.35977554321289, -2.926250561902611, 5.015404801640208, 0.3017298650118421
-148.8441162109375, 63.24163818359375, -2.9235535653293088, 5.025145674801396, 0.0851288731791299
-149.46640014648438, 63.1010971069336, -2.918280136341828, 5.033095674256037, 0.3306942838492813
-150.02978515625, 62.96941757202149, -2.91152542194165, 5.042425132119416, 0.4642041863375572
-150.61065673828125, 62.83073425292969, -2.9187624951932687, 5.056263523696171, -0.59184065302422
-151.22756958007812, 62.68965530395508, -2.943923606491298, 5.06618504521399, -1.805135318438498
-151.8389434814453, 62.56916427612305, -2.981018709317782, 5.065481414943621, -2.045165778427648
-152.41049194335938, 62.47119522094727, -2.987930505976605, 5.077854305292006, -0.4373202266407152
-153.0241241455078, 62.37061309814453, -2.990327600204848, 5.086978571255144, -0.0150821353497702
-153.65087890625, 62.27013397216797, -2.9918086417388743, 5.09450048741519, -0.0835660892569896
-154.2151336669922, 62.18062210083008, -2.994338551587779, 5.102063977556684, -0.0564465333013059
-154.8305206298828, 62.083778381347656, -2.9959208893763485, 5.109224036767493, -0.0783898216129335
-155.41322326660156, 61.99293899536133, -2.9957353362116432, 5.117286662396853, 0.1027692231478654
-156.02938842773438, 61.89784622192383, -2.9981024522082933, 5.121086514048803, -0.115301184363654
-156.66314697265625, 61.80006790161133, -3.001419372656652, 5.152361848688073, -0.2975753514368511
-157.2328338623047, 61.71601104736328, -3.009023387831898, 5.149320808760479, -0.4839148245629378
-157.8781280517578, 61.62923812866211, -3.0159980431460878, 5.170341835794932, -0.3392225580158313
-158.49050903320312, 61.5538444519043, -3.023839770763354, 5.1678256891731085, -0.57482267639883
-159.07110595703125, 61.48337936401367, -3.035670642145805, 5.184091473598719, -0.690790309541732
-159.701904296875, 61.414188385009766, -3.049734248476109, 5.200838559032014, -0.8820618794241308
-160.27976989746094, 61.3561897277832, -3.063144576609016, 5.193519481423061, -0.5387525175950797
-160.92442321777344, 61.303855895996094, -3.0806970689416358, 5.216284963276165, -0.9302900284815506
-161.55674743652344, 61.258602142333984, -3.094082489104114, 5.221273062434627, -0.8455293692716443
-162.19046020507812, 61.22632598876953, -3.106090830990224, 5.247808085682064, -0.6061117808112888
-162.82806396484375, 61.20672225952149, -3.117287851919336, 5.253473445179975, -0.648328423364721
-163.4137725830078, 61.19330978393555, -3.12782629979926, 5.263432216233098, -0.7236290285956586
-164.0859375, 61.1847038269043, -3.1412313865913486, 5.2800444907607815, -0.9536606251290138
-164.69288635253906, 61.18398666381836, 3.1261868462075637, 5.28607194231562, -1.013300436404391
-165.35874938964844, 61.19453430175781, 3.111769078015137, 5.259086853422812, -0.95243813457714
-165.9540252685547, 61.22065734863281, 3.082667628133379, 5.299521890242166, -2.2497850145039084
-166.54457092285156, 61.26402282714844, 3.0619301960031238, 5.304804627666886, -0.5182381811430884
-167.224609375, 61.32476806640625, 3.0571736002354197, 5.31898116491229, -0.215458804563398
-167.8380889892578, 61.38286590576172, 3.0528172611018887, 5.351719878511434, -0.2589731191491959
-168.49034118652344, 61.44971084594727, 3.0489764107710773, 5.349415611122359, -0.171226179867854
-169.11546325683594, 61.51651763916016, 3.045740350199438, 5.342717272901374, -0.1604852545272826
-169.76351928710938, 61.58789825439453, 3.0159480676737527, 5.340062912419711, -2.201404967064616
-170.39613342285156, 61.672019958496094, 2.970559438105345, 5.335050851688588, -2.593041507268017
-170.9972686767578, 61.76919937133789, 2.9591784678612907, 5.359964437012576, -0.3905228372756648
-171.64768981933594, 61.88948059082031, 2.9257537704693144, 5.408429184751193, -1.9319566457370156
-172.26768493652344, 62.02095031738281, 2.913740257962788, 5.425480807612319, -0.415311683099371
-172.9216766357422, 62.1683464050293, 2.894309698327583, 5.421970731401966, -1.8333743496404884
-173.5496063232422, 62.3296012878418, 2.8627607669628183, 5.445494793815571, -1.4834792622584598
-174.1299591064453, 62.49251174926758, 2.8579781926672982, 5.470723125120724, -0.661337807269918
-174.7645263671875, 62.68056869506836, 2.8388030797379, 5.455870573916754, -1.3881694498910568
-175.39675903320312, 62.891361236572266, 2.8004335089676644, 5.463833481237815, -2.141971893603767
-176.00933837890625, 63.12635040283203, 2.7595034667867946, 5.46021322276192, -2.2451468847297
-176.62945556640625, 63.38451385498047, 2.716814773868987, 5.4628759005785685, -1.9709060220066228
-177.23960876464844, 63.64307022094727, 2.7065392631816207, 5.468990016749722, -0.6045809342672762
-177.832763671875, 63.91519927978516, 2.6939781095303825, 5.478322310771272, -0.820919635770402
-178.45022583007812, 64.22209167480469, 2.66918631497166, 5.458452188177495, -1.767909117322412
-179.0106964111328, 64.51725769042969, 2.6330256948482136, 5.436541816990567, -2.431176323332242
-179.5603485107422, 64.83076477050781, 2.594196382181641, 5.437331636464676, -2.4839716900172326
-180.09030151367188, 65.15682983398438, 2.5602559779869134, 5.431494038210448, -1.823113118633949
-180.64097595214844, 65.52279663085938, 2.5409735329007965, 5.465816301261187, -0.7868104891420933
-181.1880798339844, 65.9037094116211, 2.526146906121527, 5.444885057340866, -0.8516086730266348
-181.7400360107422, 66.30748748779297, 2.4961149482847285, 5.471294567918746, -1.9294708110607168
-182.2548065185547, 66.6993637084961, 2.468506929190913, 5.482885623804604, -1.5409098929626537
-182.76405334472656, 67.11534881591797, 2.43081244213548, 5.479824968289525, -2.2575698743241146
-183.25538635253903, 67.54674530029297, 2.392417553143892, 5.474818906646469, -1.753647400597495
-183.72471618652344, 67.9826889038086, 2.3833698319185226, 5.492219022933282, -0.5762350636475546
-184.2306671142578, 68.46742248535156, 2.371887951594932, 5.4851134536232005, -0.6680724741723973
-184.6806182861328, 68.9091567993164, 2.3598322717057627, 5.494642919535988, -0.6539248338103721
-185.1639404296875, 69.39384460449219, 2.346546884741728, 5.488794033395982, -0.8644866154091722
-185.6210174560547, 69.86904907226562, 2.315731795273435, 5.475337657335101, -2.2693454453152007
-186.0312042236328, 70.33617401123047, 2.2739478357246368, 5.489015516984978, -2.713799757214876
-186.4761657714844, 70.87872314453125, 2.2497370792778035, 5.485674445825625, -0.9172536494964044
-186.87545776367188, 71.38174438476562, 2.241548473351031, 5.497333096041951, -0.5567545841982902
-187.2531280517578, 71.86470794677734, 2.2316932255115614, 5.512944322948252, -0.5129474429373752
-187.6639862060547, 72.4133529663086, 2.1897745123024333, 5.473960768040075, -3.1105226591638684
-188.03260803222656, 72.94087982177734, 2.1444935274376054, 5.516564063966513, -2.372743456469513
-188.38291931152344, 73.48455810546875, 2.129706366967789, 5.529054881760994, -0.490034211571873
-188.72879028320312, 74.04047393798828, 2.1279813000724364, 5.55800057900119, -0.0075096383258793
-189.072265625, 74.60875701904297, 2.1178890830540222, 5.57721610616376, -0.9553128993953872
-189.4314422607422, 75.2494125366211, 2.067484386091718, 5.562208749080664, -3.2872515352257468
-189.7137908935547, 75.79051208496094, 2.039865643516084, 5.569009429438985, -0.6845207501942324
-190.0031280517578, 76.38491821289062, 2.027770253277085, 5.55684697651247, -0.6969686603181828
-190.29722595214844, 77.01570129394531, 2.0135154614610062, 5.552299842448004, -1.2884436185970152
-190.5623321533203, 77.60942840576172, 1.9637537721633944, 5.548542437094699, -3.751216412303001
-190.8182373046875, 78.2400894165039, 1.9233236806416336, 5.567965823142595, -1.839798938460228
-191.03237915039065, 78.82286071777344, 1.9126421697675149, 5.542906783322261, -0.7926790664711801
-191.26307678222656, 79.46981048583984, 1.902621697177187, 5.5613697712626005, -0.498991721854146
-191.48214721679688, 80.11833190917969, 1.8923763059901653, 5.572887520763822, -0.6316323658404849
-191.68624877929688, 80.73591613769531, 1.88571830982813, 5.596889139833511, -0.5634011849179267
-191.90109252929688, 81.3995590209961, 1.876001184992596, 5.607199163984118, -0.602040445477586
-192.08338928222656, 81.9989013671875, 1.8672925144816288, 5.60843383750986, -0.4755358928523843
-192.2715606689453, 82.69632720947266, 1.861051511727645, 5.609020741405253, -0.4610273062234969
-192.4375, 83.29878997802734, 1.8584462056131803, 5.599534756021929, -0.2989873216726417
-192.6276092529297, 83.98757934570312, 1.8512097113684536, 5.551940731273193, -0.4146846402470107
-192.7990264892578, 84.62679290771484, 1.853743919373508, 5.561321099534178, 0.2885914201742465
-192.97000122070312, 85.25704193115234, 1.867000296451379, 5.5682362164119965, 0.5692935754990374
-193.1522674560547, 85.88958740234375, 1.875011377814503, 5.549418604011695, 0.7412914385649655
-193.341552734375, 86.52369689941406, 1.887395521584476, 5.523966533501636, 0.8305938564275925
-193.5298767089844, 87.12386322021484, 1.8979131339802109, 5.523467281160595, 0.9250185883423548
-193.73928833007807, 87.75435638427734, 1.913060717597304, 5.51137454629813, 0.9304379489013068
-193.94674682617188, 88.36482238769531, 1.9285774811678549, 5.532138587802669, 0.8899212556095982
-194.1783599853516, 89.014892578125, 1.9436647109427136, 5.539266029146197, 0.9365120434642652
-194.39085388183597, 89.6070785522461, 1.950076905249884, 5.5137253938086745, 0.1383110332472207
-194.61480712890625, 90.22925567626952, 1.9515565326944253, 5.512332323137329, -0.1159520639688213
-194.84906005859372, 90.882568359375, 1.9271209299445136, 5.493251156595523, -1.9225128366887807
-195.06057739257807, 91.50618743896484, 1.8916772238502533, 5.4847693093567385, -1.969099142712071
-195.25596618652344, 92.12618255615234, 1.8865755761950629, 5.497340253817544, -0.4034851753665064
-195.4453887939453, 92.7563247680664, 1.8862320211838932, 5.496757373513854, 0.2779149642599692
-195.6199188232422, 93.33074951171876, 1.8872610099036988, 5.505477788270462, -0.052588659719407
-195.8166046142578, 93.9734878540039, 1.8869581318283977, 5.477131829261536, 0.286041779787429
-196.02194213867188, 94.65303802490234, 1.883435255702492, 5.506022212379507, -0.1223443779348171
-196.2030487060547, 95.2189712524414, 1.8804550989767908, 5.515041152278623, -0.1500795956971083
-196.4142608642578, 95.87348175048828, 1.8757339913859037, 5.504523490992245, -0.3130852626605343
-196.60386657714844, 96.48072052001952, 1.870254310793471, 5.524568790045099, -0.3526000627572213
-196.802490234375, 97.13540649414062, 1.867210453640106, 5.517161548182681, -0.2583682335186707
-196.99546813964844, 97.77871704101562, 1.8651938411296716, 5.526350291721857, -0.2123552157483283
-197.1812438964844, 98.38689422607422, 1.8583500935388475, 5.504294258534187, -0.5113353226749406
-197.3818359375, 99.03850555419922, 1.8567401967079176, 5.513379850448685, -0.1345425494292004
-197.56253051757807, 99.64614868164062, 1.8524189971926592, 5.484301350579154, -0.3117416220847915
-197.746826171875, 100.28215789794922, 1.8515533071244752, 5.480127647437968, -0.0954701019144763
-197.9365997314453, 100.95996856689452, 1.847457941668828, 5.476136098461978, -0.1982914720611131
-198.10324096679688, 101.55427551269533, 1.843383360562896, 5.4696507627075, -0.3309517358669467
-198.2975006103516, 102.21900939941406, 1.846488147125516, 5.444479824909778, 0.2243684114454178
-198.4674530029297, 102.8040771484375, 1.8594292744166667, 5.468607841623534, 0.8017485775700219
-198.65972900390625, 103.45556640625, 1.8792309131728795, 5.456481602187146, 1.2851928517588695
-198.86573791503903, 104.09590911865234, 1.9096089873062687, 5.468975843437339, 1.9560908198432048
-199.06593322753903, 104.67103576660156, 1.93790387094342, 5.455943638048476, 1.864308845312876
-199.3092498779297, 105.32852172851562, 1.9715637178974743, 5.4524496791100905, 2.068205190666273
-199.54429626464844, 105.89891052246094, 2.0019445161825797, 5.457799749520505, 1.803747993596407
-199.8160095214844, 106.49942779541016, 2.0288261124548344, 5.398418945607026, 1.6580348229424275
-200.0933990478516, 107.08456420898438, 2.060526568447342, 5.418294446456832, 1.5552980832314698
-200.38922119140625, 107.65254974365234, 2.092625474544521, 5.361472526282625, 1.6050980850061043
-200.69952392578125, 108.19302368164062, 2.11951510021565, 5.353333912623994, 1.3979997653576917
-201.0357818603516, 108.73697662353516, 2.1471458651179223, 5.358116199940999, 1.5519317533204875
-201.3847198486328, 109.27837371826172, 2.1727183095416134, 5.36008939576689, 1.14842053218316
-201.72994995117188, 109.80165100097656, 2.1823434292587844, 5.356262378190358, 0.5152236519811612
-202.1062774658203, 110.35130310058594, 2.185872286624983, 5.348636596376353, 0.0692754026160379
-202.489013671875, 110.9007797241211, 2.189142643460165, 5.344696254990551, 0.2382133245500112
-202.83995056152344, 111.40166473388672, 2.190326480465908, 5.337261672009633, 0.1528409824959119
-203.2001953125, 111.91293334960938, 2.1946237697829325, 5.322300847235468, 0.3730765638266993
-203.58721923828125, 112.45858001708984, 2.196775366956584, 5.314733851733114, 0.1658500975964179
-203.95069885253903, 112.96782684326172, 2.1999123222108565, 5.294655953544829, 0.3736391969107694
-204.31097412109372, 113.4654769897461, 2.209139569867045, 5.285468813711994, 0.5817124397302903
-204.6805877685547, 113.96066284179688, 2.214965950100259, 5.265066284288671, 0.2871796708807791
-205.0768280029297, 114.49600982666016, 2.2256933981605105, 5.234165050662661, 0.7307404716820375
-205.43011474609372, 114.9636688232422, 2.244867728127441, 5.229319913157682, 1.28499020215312
-205.8397216796875, 115.47239685058594, 2.270518793371785, 5.199367032158222, 1.512537531680719
-206.26800537109372, 115.9696273803711, 2.2938363674290825, 5.178924316255656, 1.2728883339314394
-206.65792846679688, 116.41708374023438, 2.316588795663229, 5.150605196763864, 1.4908839975913803
-207.0630798339844, 116.8641357421875, 2.3418302252427488, 5.1451224745369455, 1.5015303301387457
-207.5044860839844, 117.3281707763672, 2.3648315932398294, 5.129551601104951, 1.4681224726119984
-207.93589782714844, 117.76229095458984, 2.3856470466033457, 5.101149612599612, 1.4797444483058713
-208.3819122314453, 118.18737030029295, 2.402537220039285, 5.079718645166423, 1.2822536147280603
-208.8075408935547, 118.58246612548828, 2.4111275984635085, 5.060144482114623, 0.8321128181558592
-209.26565551757807, 119.00282287597656, 2.420665737259052, 5.037136437919253, 0.7411672181305562
-209.72213745117188, 119.41818237304688, 2.4314299262420027, 5.01576717152738, 0.7442644729854458
-210.16116333007807, 119.80047607421876, 2.4411332995742017, 5.005541540495588, 0.6323840797210653
-210.6285858154297, 120.19081115722656, 2.449243312978183, 4.988017135018981, 0.641903157021062
-211.0878448486328, 120.5537567138672, 2.459161834022453, 4.962851384081954, 0.6367349343649497
-211.57066345214844, 120.93628692626952, 2.4685223070325257, 4.951279643025104, 0.5993599050144215
-212.03659057617188, 121.3077392578125, 2.478235480693308, 4.926930631660878, 0.562819667796934
-212.4872589111328, 121.6589813232422, 2.4871223947289227, 4.915551300052265, 0.5718601668806065
-212.9624938964844, 122.02027893066406, 2.496856077236873, 4.90211534312084, 0.5668084447179295
-213.41131591796875, 122.35237121582033, 2.505856393971447, 4.895576265808867, 0.5489001950888821
-213.8836669921875, 122.69581604003906, 2.515338450287416, 4.885233243385839, 0.5243936364998092
-214.36383056640625, 123.040771484375, 2.522295350955643, 4.851227660855304, 0.3945395506501244
-214.8505859375, 123.3833465576172, 2.529390063010995, 4.85582340102758, 0.4933405576259149
-215.326904296875, 123.71515655517578, 2.5391558677773904, 4.832455432637538, 0.6705342170031053
-215.7682342529297, 124.01665496826172, 2.547298597062211, 4.8082389577774425, 0.4374141039862464
-216.2420196533203, 124.33683013916016, 2.550128678251125, 4.8107191025156935, 0.0032094387684994
-216.72967529296875, 124.6644515991211, 2.536841798442108, 4.797989540974212, -0.9637838705349864
-217.21046447753903, 125.0009994506836, 2.487199029704618, 4.785231935564047, -3.740399877603133
-217.66018676757807, 125.34300231933594, 2.43011756813641, 4.775104491967336, -2.9649394913984475
-218.099609375, 125.71390533447266, 2.4112765009202413, 4.760205902262995, -0.4860861152592498
-218.54827880859372, 126.10986328125, 2.409556811274161, 4.750156720084832, -0.1220636473495814
-218.95803833007807, 126.47747039794922, 2.3943440680301045, 4.744826842074538, -1.4657745983059387
-219.3795318603516, 126.8720474243164, 2.349996476166945, 4.738183812949083, -2.9842992283045326
-219.76222229003903, 127.25945281982422, 2.33512162275401, 4.731111331170271, -0.2555678212257106
-220.1433868408203, 127.65876007080078, 2.332110869754038, 4.729370237752852, -0.1764442567754124
-220.5162048339844, 128.05238342285156, 2.3300491321774963, 4.724849023562757, -0.0799817506775301
-220.92916870117188, 128.48745727539062, 2.328601761387532, 4.709950848752639, -0.0876669656597867
-221.30682373046875, 128.88525390625, 2.3262019371937, 4.7069000365409455, -0.1524190770150071
-221.69940185546875, 129.3015899658203, 2.323300652581421, 4.698074739414421, -0.2143601414294907
-222.0847625732422, 129.71192932128906, 2.3187366930111253, 4.703965367076321, -0.3215158133181131
-222.47433471679688, 130.13316345214844, 2.31604051074716, 4.685281169376895, -0.1017564415981553
-222.84999084472656, 130.5328826904297, 2.314871474515126, 4.688737654627696, -0.0814199946824679
-223.24459838867188, 130.96267700195312, 2.312443469267653, 4.7005759776296525, -0.1561385245826209
-223.607421875, 131.3622283935547, 2.30976477077249, 4.695751901185507, -0.1849491632036821
-223.98480224609372, 131.7821502685547, 2.307161231861513, 4.702686979672164, -0.0685243321641927
-224.36773681640625, 132.20413208007812, 2.3070061012176613, 4.688448756103004, 0.0257054983602746
-224.74139404296875, 132.61404418945312, 2.3045982934338047, 4.68372509795693, -0.2408844503043722
-225.12893676757807, 133.0388641357422, 2.2976664219376115, 4.67512664114664, -0.4381631805198584
-225.48565673828125, 133.4384765625, 2.291352679736667, 4.666725526464569, -0.359124766118141
-225.8475341796875, 133.84873962402344, 2.283482856811496, 4.656095443927939, -0.513099778810755
-226.2271423339844, 134.297119140625, 2.260648633445824, 4.6454517729810565, -1.3988662551974662
-226.5693359375, 134.70993041992188, 2.237329095362996, 4.639448237849856, -1.5539159083941414
-226.9158935546875, 135.14808654785156, 2.21263516273536, 4.631665127550512, -1.4666967593161844
-227.23468017578125, 135.5680389404297, 2.189510046559444, 4.646902504595129, -1.2318090398499324
-227.56488037109372, 136.0311279296875, 2.1664422519889595, 4.650220710032804, -1.389230803941769
-227.8863983154297, 136.50787353515625, 2.14301673929858, 4.654807278251732, -1.375907258974753
-228.18382263183597, 136.96881103515625, 2.129935721519544, 4.672325096718491, -0.624848957411844
-228.4644470214844, 137.4207763671875, 2.1228001758010158, 4.679003136229078, -0.4345374312823851
-228.7505798339844, 137.88754272460938, 2.116876013427291, 4.683551592408517, -0.3217877473815633
-229.04440307617188, 138.382080078125, 2.108678022549641, 4.691579472258138, -0.4040120823335053
-229.34703063964844, 138.89588928222656, 2.102368106388452, 4.647699513523717, -0.3445476546250394
-229.63031005859372, 139.3916015625, 2.0939131726280973, 4.641421467147606, -0.7011770138650273
-229.8885040283203, 139.86643981933594, 2.071565544465626, 4.629676161882692, -1.7865700758802665
-230.12928771972656, 140.31814575195312, 2.046595065743606, 4.604124310117309, -1.451073798343279
-230.38023376464844, 140.81272888183594, 2.0371700822969574, 4.615296078680556, -0.4560912586036009
-230.6277618408203, 141.32376098632812, 2.015791835642405, 4.631091354060702, -1.4264246988693852
-230.85476684570312, 141.81617736816406, 1.9916305082914727, 4.626050544576207, -1.2366024393039217
-231.08328247070312, 142.3463134765625, 1.9578088948728487, 4.648873995027421, -2.368663810806131
-231.27761840820312, 142.85824584960938, 1.9214073738757411, 4.660298972479676, -1.885502022728962
-231.4675750732422, 143.40061950683594, 1.9099944521628824, 4.67587835856531, -0.5771087643319566
-231.6407012939453, 143.9222869873047, 1.888489910743254, 4.6903537550441134, -1.743314706027732
-231.81195068359372, 144.486328125, 1.8570075135754127, 4.706108855656416, -1.8116977198606652
-231.95741271972656, 145.00962829589844, 1.830188247569934, 4.715126020176795, -1.8460679444294168
-232.0897674560547, 145.54541015625, 1.7960276019602803, 4.726663308663377, -1.7655028229074452
-232.2177734375, 146.12042236328125, 1.7839843855906077, 4.736168314514675, -0.4115419792193907
-232.33311462402344, 146.6610565185547, 1.7786199217340029, 4.739984245351539, -0.3236320581151876
-232.45535278320312, 147.24874877929688, 1.7733503547700966, 4.748554812890723, -0.3101599114779088
-232.56398010253903, 147.786376953125, 1.7670910859536617, 4.755369016606226, -0.4494189009048789
-232.6688232421875, 148.32569885253906, 1.7532379513764056, 4.766385117148037, -0.9165967546750952
-232.76417541503903, 148.89584350585938, 1.7234218462017274, 4.757430454852517, -1.6478629818539967
-232.8445587158203, 149.47862243652344, 1.694223893591689, 4.764730200949964, -1.7532032292031372
-232.90261840820312, 150.0133819580078, 1.6812579037413649, 4.760485410874416, -0.488108901089223
-232.96131896972656, 150.59381103515625, 1.675741367291022, 4.765106740433935, -0.2691369678669401
-233.0144805908203, 151.16563415527344, 1.6706071951646972, 4.775810675356844, -0.3679517329199701
-233.0662384033203, 151.73492431640625, 1.6652304511445646, 4.795593449023811, -0.3153716947985346
-233.1121826171875, 152.2855987548828, 1.6593786835317808, 4.799223493084873, -0.3915030464924656
-233.15750122070312, 152.83787536621094, 1.653067510992947, 4.811909592363851, -0.3352330926019132
-233.1982421875, 153.41046142578125, 1.6442777640280353, 4.818778456893205, -0.5441760099839686
-233.23483276367188, 153.99014282226562, 1.623721964597272, 4.821291850806074, -1.3035403955668847
-233.2559356689453, 154.59017944335938, 1.592679055747519, 4.818737330238317, -1.8346682413290776
-233.2642974853516, 155.15054321289062, 1.5767603374396382, 4.826663403246911, -0.555160344533773
-233.26312255859372, 155.73043823242188, 1.571319590367831, 4.815547493624423, -0.32440787750614
-233.26194763183597, 156.34031677246094, 1.5675925885258053, 4.815266465880642, -0.2067902192347341
-233.25733947753903, 156.87298583984375, 1.561597170049449, 4.816785647255901, -0.3082865437840479
-233.25100708007807, 157.45928955078125, 1.555300063198903, 4.815751502036502, -0.3473950958688769
-233.2412109375, 158.06658935546875, 1.5489416256170498, 4.798095511271832, -0.357223207489308
-233.228515625, 158.61648559570312, 1.543903136034455, 4.783762415097621, -0.2605882777692744
-233.2098388671875, 159.2199249267578, 1.5378735184474968, 4.764425230574454, -0.4017270807136404
-233.18765258789065, 159.79156494140625, 1.531022130287642, 4.762416196947436, -0.4400198568321614
-233.1597595214844, 160.35043334960938, 1.523955323938587, 4.745523777928624, -0.4519378907592313
-233.1277618408203, 160.91452026367188, 1.518433481085209, 4.755412022290511, -0.3232225558814443
-233.09347534179688, 161.4694061279297, 1.5159300801183155, 4.757564143574315, -0.1062844495748795
-233.05877685546875, 162.03041076660156, 1.5187595895752812, 4.752141988687028, 0.2055927889433415
-233.0279235839844, 162.61485290527344, 1.526939873835162, 4.746387345239053, 0.5267292200971826
-233.00015258789065, 163.21633911132812, 1.540378585661384, 4.733131304524815, 0.8782117822151371
-232.981201171875, 163.76708984375, 1.5658576816306606, 4.710249072251582, 1.9639821793989771
-232.9726104736328, 164.30609130859375, 1.6001995283371864, 4.69224474364658, 1.8506150626094435
-232.98956298828125, 164.88973999023438, 1.6408813611502389, 4.655772011285282, 2.4038456076127925
-233.02947998046875, 165.4638214111328, 1.682035084423794, 4.6055557817037815, 2.4759687706518085
-233.0904693603516, 166.0037841796875, 1.7166059958849722, 4.597740057492962, 1.996002728764356
-233.166015625, 166.51499938964844, 1.7435578341208835, 4.552334005557631, 1.2471175517015605
-233.26968383789065, 167.09117126464844, 1.7608514350204647, 4.533914781535144, 0.889169473296856
-233.37147521972656, 167.6077880859375, 1.7720190779764842, 4.501413255398261, 0.5880817943875836
-233.47921752929688, 168.12863159179688, 1.782552540985952, 4.481395170327058, 0.5579848549615671
-233.5955810546875, 168.6762237548828, 1.793624488119809, 4.465802079656483, 0.6984931358395841
-233.71046447753903, 169.1818389892578, 1.804440971937912, 4.448375640628076, 0.5745695309924936
-233.8375701904297, 169.71380615234375, 1.815161069433296, 4.432243326430791, 0.6279848784265762
-233.9635162353516, 170.20736694335938, 1.82586798171691, 4.419877789509148, 0.5362283646377364
-234.09718322753903, 170.71278381347656, 1.8358247533643397, 4.403883779783005, 0.5311722240687126
-234.23858642578125, 171.22750854492188, 1.845772902066595, 4.388214193678438, 0.554507636556172
-234.3833465576172, 171.73712158203125, 1.856157757271312, 4.371170287697064, 0.6069244324686284
-234.539794921875, 172.2670440673828, 1.8669669531330195, 4.356224117882582, 0.6167858081842241
-234.76502990722656, 172.9948272705078, 1.8821470100736777, 4.332524696387807, 0.6191094210320818
-234.9995574951172, 173.71278381347656, 1.897378475798563, 4.306367528029152, 0.6455652396356265
-235.17015075683597, 174.21002197265625, 1.9085634418280064, 4.2898808903999885, 0.661742743659279
-235.3426971435547, 174.6945037841797, 1.919097881986083, 4.26735685237135, 0.6089710465587509
-235.5262451171875, 175.19154357910156, 1.9296780314872368, 4.25016714577768, 0.6332569733962103
-235.70948791503903, 175.6739959716797, 1.939420760678636, 4.221055041312573, 0.5719595925248994
-235.97691345214844, 176.3571319580078, 1.9538953381015445, 4.184770958917247, 0.6040354503820775
-236.25503540039065, 177.0424346923828, 1.9689702329463108, 4.151575036116006, 0.5872276005237065
-236.54202270507807, 177.72100830078125, 1.9830738421601064, 4.136754027268239, 0.6092267045946688
-236.74659729003903, 178.1875, 1.9946426622847249, 4.115254193381978, 0.7386449399077242
-237.05113220214844, 178.85487365722656, 2.011804754129137, 4.105009038970899, 0.694199233915991
-237.35812377929688, 179.49427795410156, 2.0268384563975896, 4.0716387988076645, 0.537053777464034
-237.5879669189453, 179.95806884765625, 2.0374796631209886, 4.058461399184544, 0.5550828064263873
-237.9119873046875, 180.59251403808597, 2.051918453069395, 4.017000226297457, 0.5282925052149569
-238.2574615478516, 181.25161743164065, 2.0671418611441537, 3.9945704647956, 0.6258954369724194
-238.58639526367188, 181.8585357666016, 2.0822368390719754, 3.980726348418634, 0.5979219982451871
-238.94081115722656, 182.48370361328125, 2.098638396739892, 3.963761952310498, 0.6515260606580768
-239.3052215576172, 183.1007537841797, 2.1145334082663645, 3.9506743987823407, 0.5982618130721311
-239.6884002685547, 183.7268524169922, 2.132928507811485, 3.938433128122708, 0.8167173528335069
-240.0643310546875, 184.3157958984375, 2.154106702189072, 3.922666100227807, 0.935313673555443
-240.4579620361328, 184.89495849609372, 2.1766553391218637, 3.910195484436625, 0.9796131576167172
-240.8669891357422, 185.4659881591797, 2.196755088023842, 3.885445793755255, 0.7078738884633186
-241.2782745361328, 186.0165252685547, 2.210997413699205, 3.858760264666543, 0.4457430233691351
-241.6953887939453, 186.5637664794922, 2.222771666005478, 3.816453561628701, 0.5155621568405458
-242.12127685546875, 187.12033081054688, 2.234990140193954, 3.8108698518699176, 0.5392346992301439
-242.54054260253903, 187.65367126464844, 2.24753870831794, 3.800420360677733, 0.5119640965318695
-242.96237182617188, 188.17544555664065, 2.258872332872854, 3.7904048060049735, 0.3823046580028776
-243.3933868408203, 188.6950225830078, 2.270241289024693, 3.788152733930907, 0.3846908938885755
-243.8590545654297, 189.24172973632807, 2.282834331455482, 3.7789204242152, 0.520347108969395
-244.3042449951172, 189.7501983642578, 2.295275645456859, 3.7826984292836174, 0.4921235274750092
-244.73995971679688, 190.23532104492188, 2.3064324547632715, 3.78215521506366, 0.4730994448819479
-245.19940185546875, 190.737060546875, 2.31825438137611, 3.771669722379465, 0.5187357078268875
-245.658935546875, 191.2255096435547, 2.329751739322136, 3.745920480036925, 0.4543685586911545
-246.128662109375, 191.71571350097656, 2.342049085245291, 3.740302998635544, 0.4967105276194333
-246.592529296875, 192.18592834472656, 2.355183117688441, 3.7361251967534113, 0.5031629531723529
-247.06651306152344, 192.65293884277344, 2.3678256074089923, 3.7309513002980568, 0.4427577567217109
-247.5436248779297, 193.11231994628903, 2.379506526350868, 3.7366068502896224, 0.3826333978936116
-248.03062438964844, 193.5680084228516, 2.390949062558452, 3.742106475771829, 0.4128774005517039
-248.54620361328125, 194.04075622558597, 2.4039694349727743, 3.7535412821676575, 0.5093390562137338
-249.04034423828125, 194.48165893554688, 2.4160352431167587, 3.760332118068149, 0.4951938505173019
-249.53343200683597, 194.91189575195312, 2.428175890217116, 3.7603146711821767, 0.4303846297220809
-250.06956481933597, 195.36822509765625, 2.441784403417783, 3.7629007979462026, 0.480541853294165
-250.6052703857422, 195.8115234375, 2.4544554760158235, 3.76558967222544, 0.4943751526557976
-251.119140625, 196.2261657714844, 2.4664157334859382, 3.769236121446338, 0.4913734984682641
-251.63406372070312, 196.63687133789065, 2.474655946576494, 3.7981237803079697, 0.6735913775329586
-252.1743621826172, 197.06446838378903, 2.4875621281549947, 3.827625865169552, 0.4920112390081708
-252.6851501464844, 197.45718383789065, 2.50786704151165, 3.892848512641812, 1.0028301439387797
-253.27554321289065, 197.88026428222656, 2.5369049355165307, 3.928886271181357, 1.1935774000351695
-253.8368682861328, 198.25572204589844, 2.551734921233649, 3.9726498137996256, 0.4468643035709994
-254.45803833007807, 198.6569061279297, 2.564802208529668, 3.999877753728567, 0.5213646840935837
-255.0526123046875, 199.03326416015625, 2.576238402669333, 4.035360635110673, 0.4554912184431923
-255.6724548339844, 199.4185943603516, 2.585872574652761, 4.096786120570656, 0.3846126864660243
-256.29852294921875, 199.80072021484372, 2.598229012328158, 4.145337683320143, 0.5972203084147639
-256.94384765625, 200.1874237060547, 2.6106501659464207, 4.195076694736404, 0.5433282784787921
-257.59881591796875, 200.5702362060547, 2.6226220019603126, 4.226204635065545, 0.4853433311267999
-258.0445556640625, 200.8266143798828, 2.6303992942888, 4.247651902981264, 0.4883042094012821
-258.6990661621094, 201.19595336914065, 2.6435320701958887, 4.261087902840591, 0.561778373053013
-259.1420288085937, 201.438720703125, 2.652030305667662, 4.271018013946362, 0.4495195755630313
-259.61431884765625, 201.69017028808597, 2.661636383785156, 4.279482632947113, 0.678775088985617
-260.27886962890625, 202.0301513671875, 2.6764079780617465, 4.2875088482452615, 0.5250808460733434
-260.7644958496094, 202.26870727539065, 2.6856779367762496, 4.295195825955737, 0.5309081893469921
-261.44873046875, 202.59616088867188, 2.6977896189979957, 4.300126830575861, 0.5286476234388297
-261.90838623046875, 202.8112335205078, 2.705623800762414, 4.30429541936264, 0.5320976135206813
-262.3824462890625, 203.0282745361328, 2.713300066904589, 4.30610672505997, 0.461082032091047
-262.8395690917969, 203.23361206054688, 2.7177983407665858, 4.308223833554221, 0.211523512027219
-263.53729248046875, 203.5452117919922, 2.7157611632679064, 4.324279528548118, -0.2078531992380473
-263.9970703125, 203.75259399414065, 2.711861941075012, 4.330462843721847, -0.2104020598403663
-264.4608459472656, 203.96578979492188, 2.706341700831108, 4.341449087195773, -0.3246635152257602
-264.951904296875, 204.19700622558597, 2.699018672934921, 4.368572139381908, -0.4250556325413993
-265.4042663574219, 204.4135284423828, 2.692201366287589, 4.384497722295566, -0.3864588120889072
-265.8996276855469, 204.65435791015625, 2.6850366111740405, 4.403219374095688, -0.4247426986754941
-266.3599853515625, 204.8816680908203, 2.6780527845756, 4.423899913940036, -0.3868423430090802
-266.8563537597656, 205.13031005859372, 2.671289870607967, 4.430061646254448, -0.3479388416190018
-267.3182067871094, 205.3627471923828, 2.666936480622412, 4.4425811026681545, -0.2521623543351627
-267.8170166015625, 205.61866760253903, 2.661270864558122, 4.447716316527689, -0.3573409106201055
-268.26416015625, 205.84783935546875, 2.656090897729647, 4.449589569131438, -0.3661733202863945
-268.76141357421875, 206.1082763671875, 2.6506504235665966, 4.466148653763454, -0.2998574150621886
-269.2116394042969, 206.34640502929688, 2.646881453642885, 4.4772283265006525, -0.2192891894692817
-269.6754150390625, 206.59425354003903, 2.6440818839179485, 4.485148414249423, -0.1659411947345123
-270.1388244628906, 206.84249877929688, 2.641091352663297, 4.491288632093933, -0.169419789276759
-270.6000671386719, 207.0929107666016, 2.6378620389768423, 4.49748566995639, -0.1764599693422418
-271.07635498046875, 207.35235595703125, 2.6351022676137443, 4.495820699337331, -0.1370081252522894
-271.5660095214844, 207.6207427978516, 2.6306428988947683, 4.496373171120139, -0.3109343866125993
-272.0545654296875, 207.8907012939453, 2.623334069934401, 4.510207122852149, -0.4668181883621718
-272.5004577636719, 208.14198303222656, 2.614054807242251, 4.518610172535741, -0.6347690535984352
-272.99151611328125, 208.42575073242188, 2.5981128730746037, 4.533549686579965, -1.072259080216523
-273.4473876953125, 208.69960021972656, 2.577524042886095, 4.544064035619451, -1.3316434520204472
-273.8851623535156, 208.97555541992188, 2.557204274007649, 4.550769810081684, -1.1287563044643805
-274.35382080078125, 209.28707885742188, 2.5338186003088223, 4.562197649532154, -1.4015846832560186
-274.78729248046875, 209.58897399902344, 2.5101629714387244, 4.57718762112242, -1.2958771502430344
-275.23980712890625, 209.92042541503903, 2.485096991839791, 4.580516084314777, -1.4397323017746124
-275.68682861328125, 210.26565551757807, 2.4629282209683074, 4.603920301670465, -1.2832764017775715
-276.09088134765625, 210.59475708007807, 2.4444527369391764, 4.626537746824766, -1.1081039891731592
-276.5149230957031, 210.9551544189453, 2.432743717438436, 4.655911679556527, -0.622445468335688
-276.91827392578125, 211.30303955078125, 2.4256122373039237, 4.686060902177887, -0.3568847018509385
-277.3645935058594, 211.692138671875, 2.417404239459259, 4.726976020239535, -0.5199289720976535
-277.7801208496094, 212.06040954589844, 2.399540216142702, 4.770856833270295, -1.437696226462706
-278.18182373046875, 212.4304656982422, 2.375345396770056, 4.811921551394821, -1.5759729190632084
-278.6099548339844, 212.8463592529297, 2.349981473586114, 4.864130600497944, -1.5174460798524585
-278.978271484375, 213.22314453125, 2.32696067260607, 4.915483382776721, -1.3604238052770177
-279.4117431640625, 213.68606567382807, 2.3033896686445425, 4.972630257829558, -1.2144295343339533
-279.79254150390625, 214.1109771728516, 2.289998284111639, 5.017276114749642, -0.7801650582284605
-280.1978759765625, 214.57017517089844, 2.276833619096716, 5.088483834737695, -0.9177020724004424
-280.5782470703125, 215.0084686279297, 2.25759703642487, 5.135081792746989, -1.162318358824939
-280.9790954589844, 215.49331665039065, 2.23588142076529, 5.191198272950412, -1.3720841839676472
-281.3815612792969, 216.0030975341797, 2.206828957985765, 5.224423235064168, -1.5119400596511166
-281.7099609375, 216.454345703125, 2.1820493667244305, 5.2642798263221255, -1.574294220274448
-282.0749816894531, 216.97482299804688, 2.156253788823223, 5.305461809909456, -1.1934348164070234
-282.4363098144531, 217.5145263671875, 2.129056952728821, 5.361107077513869, -1.4112241217098431
-282.78912353515625, 218.06619262695312, 2.118939945560946, 5.380149027560881, -0.3655320723938573
-283.133544921875, 218.62391662597656, 2.10590001502106, 5.430518201242559, -0.5291848966378321
-283.4726257324219, 219.1921844482422, 2.0955917001967297, 5.447233448968302, -0.670278617316539
-283.7995910644531, 219.7491912841797, 2.080480983794052, 5.460863972205388, -1.0597644137932436
-284.1180725097656, 220.31056213378903, 2.058958323407353, 5.45996603497372, -1.688285428873742
-284.44293212890625, 220.9105682373047, 2.028799866236354, 5.48090504656556, -1.733058942864783
-284.7421569824219, 221.4966583251953, 2.012793161491592, 5.499137282630012, -0.4660816296291075
-285.0148620605469, 222.05345153808597, 2.006502787657354, 5.498534711403792, -0.3124596536055685
-285.2921447753906, 222.6400146484375, 2.0000405455170807, 5.503681526933998, -0.4725772680119428
-285.5726928710937, 223.2460174560547, 1.9959969480546675, 5.494409712790547, -0.1260029671441826
-285.8562927246094, 223.87619018554688, 1.9899282279283312, 5.52328630686405, -0.4133522356745591
-286.1114807128906, 224.461181640625, 1.9822731291620488, 5.514207863930964, -0.5576911286676653
-286.3758850097656, 225.0784149169922, 1.9775264800035453, 5.524566236779589, -0.2354972980304005
-286.6265563964844, 225.66539001464844, 1.973372056040394, 5.528984735442525, -0.0899522852294488
-286.8992614746094, 226.2823181152344, 1.9749757694453995, 5.524534985433114, 0.280578874999653
-287.157958984375, 226.87088012695312, 1.9852665373420104, 5.500725366389814, 0.784472295988541
-287.4348449707031, 227.4925994873047, 1.9992890719346883, 5.504755984772743, 0.8351294993774411
-287.7189025878906, 228.1138458251953, 2.010367789537224, 5.468968176296565, 0.7035436571410467
-287.9900207519531, 228.69158935546875, 2.0233039987026995, 5.471230170421565, 0.6603565812416977
-288.26202392578125, 229.26614379882807, 2.0342657974089, 5.438674747076844, 0.6020384402683062
-288.5648498535156, 229.8771209716797, 2.04411459764184, 5.416699523733467, 0.6052486792332116
-288.8500671386719, 230.42898559570312, 2.0552510076290407, 5.398245776763323, 0.5825448121386751
-289.1640930175781, 231.0431060791016, 2.0550774108578693, 5.343896370177225, -0.0562353642716447
-289.44097900390625, 231.60890197753903, 2.0449080499019523, 5.315015918793439, -0.709490681800125
-289.6999206542969, 232.1628875732422, 2.0191574084636983, 5.264426050026041, -1.339942597441739
-289.9761962890625, 232.76513671875, 2.0014147154536284, 5.207713563895466, -0.4377759221954178
-290.2218017578125, 233.3077850341797, 1.9936568387389, 5.146123355521194, -0.4815083140107974
-290.4736022949219, 233.86509704589844, 1.9920275585959544, 5.078719710755328, -0.0379556082688026
-290.7281494140625, 234.456298828125, 1.988452257974016, 4.997573330026981, -0.0530441969246453
-290.96356201171875, 235.01663208007807, 1.983719619208471, 4.922236545704305, -0.2073151081314208
-291.17608642578125, 235.53704833984372, 1.980331089466726, 4.8346861460416335, -0.2299096871291627
-291.3973083496094, 236.08447265625, 1.9770411321838088, 4.74221037284613, -0.1812286213703707
-291.6170349121094, 236.6329803466797, 1.9736563772174005, 4.626767570503334, -0.2064984822626899
-291.828125, 237.172607421875, 1.9704073196163767, 4.502871307872555, -0.2171771711841581
-292.0076599121094, 237.64157104492188, 1.9672774208823336, 4.392157287359999, -0.1618015216610548
-292.2037048339844, 238.15481567382807, 1.9635073034895576, 4.254119498742004, -0.2535007661424808
-292.3903503417969, 238.6376495361328, 1.960245125142828, 4.144364566484565, -0.1424486649461317
-292.6424865722656, 239.30116271972656, 1.955533549051532, 3.962080688795637, -0.1730939328639886
-292.8985595703125, 239.97378540039065, 1.951124380383999, 3.7674483508237, -0.162800599374895
-293.1213073730469, 240.5908660888672, 1.947546227997174, 3.5959859580491305, -0.1964821421457309
-293.3399963378906, 241.1918182373047, 1.9411079862727296, 3.4240763611636167, -0.3196294787000903
-293.5326232910156, 241.7783203125, 1.9171620071971809, 3.2562344719766743, -1.1277653058987664
-293.701171875, 242.30262756347656, 1.8786249592269293, 3.228499011675944, -1.6231866804089172
-293.86376953125, 242.85694885253903, 1.8413288122204772, 3.0958002507485665, -1.202496254502684
-294.0078125, 243.411865234375, 1.8051214178860933, 2.9701542846575046, -1.4155654387114178
-294.1229248046875, 243.9405670166016, 1.7818666997713637, 2.849701622248241, -0.5354100536042656
-294.2431640625, 244.59071350097656, 1.766868658518279, 2.7234956700094344, -0.2770867908541419
-294.35272216796875, 245.23663330078125, 1.7547361101079568, 2.604036109721413, -0.4120817647244688
-294.44879150390625, 245.8457489013672, 1.739243556315781, 2.528892623140984, -0.5043259362854592
-294.53131103515625, 246.4180145263672, 1.7267868777646953, 2.439635403836525, -0.5188744222652024
-294.59912109375, 246.9950408935547, 1.693882569404309, 2.3812739089259005, -1.2801792450570977
-294.6305847167969, 247.54241943359372, 1.631988738859631, 2.3425681371993186, -2.210995109636868
-294.6226501464844, 248.11978149414065, 1.5997494084328006, 2.3639864698089434, -0.3765117619175463
-294.6134033203125, 248.67559814453125, 1.5906350356138237, 2.37385273301006, -0.2198646909575242
-294.59130859375, 249.26736450195312, 1.5828357559588555, 2.346518071862486, -0.2416528888934725
-294.56671142578125, 249.82952880859372, 1.576449885232308, 2.3644168758676773, -0.3599356881704723
-294.5286560058594, 250.37026977539065, 1.5626225626689871, 2.346866230604958, -0.2222538198763815
-294.4951477050781, 250.9315948486328, 1.5565719069148525, 2.368895545785455, -0.2569948684190137
-294.4576110839844, 251.50575256347656, 1.560716524964393, 2.4114131285190568, 0.4151185616378557
-294.4347839355469, 252.0936279296875, 1.587336325864519, 2.472758511888117, 0.7933523268456898
-294.4351806640625, 252.6702117919922, 1.6130817464808267, 2.482711916718737, 0.7808587202891668
-294.4636535644531, 253.27249145507807, 1.6323170871195751, 2.562540474460612, 0.4658516632514545
-294.5033569335937, 253.85470581054688, 1.632160351920671, 2.615571269947968, -0.2177962703419796
-294.5282287597656, 254.507568359375, 1.5785126253897088, 2.6592271168332253, -1.7995137647363764
-294.5193176269531, 255.139892578125, 1.5632015864628412, 2.73710759436759, -0.4635199801826087
-294.5028381347656, 255.78884887695312, 1.5506632219267225, 2.7950079042506104, -0.3726941131141359
-294.4866638183594, 256.45635986328125, 1.5461159765306585, 2.934753281329585, -0.1671699497180783
-294.4737854003906, 256.9757995605469, 1.541621042986148, 3.033525626326196, -0.1229190860954076
-294.46148681640625, 257.5106811523437, 1.5361657917102107, 3.122012769076153, -0.224777455436358
-294.4428100585937, 258.0716857910156, 1.5301535276146367, 3.2124710428091707, -0.3180162893477412
-294.4118957519531, 258.6679077148437, 1.5039904835199414, 3.300483981666986, -1.7164408898370034
-294.3604736328125, 259.2469482421875, 1.456019808275285, 3.4124969248027823, -1.6871068980452593
-294.2840576171875, 259.8397521972656, 1.4437332803375584, 3.5071608114222594, -0.2385178187752961
-294.1913146972656, 260.4958801269531, 1.42668506413899, 3.6221663752864814, -1.1094181193858077
-294.0794372558594, 261.1319580078125, 1.3736154680796888, 3.709510060113888, -2.386939776874123
-293.9302673339844, 261.7859802246094, 1.3318553757414249, 3.796732955380256, -0.9174744330362472
-293.7591247558594, 262.44830322265625, 1.3221410239604516, 3.882188236933674, -0.3883165256037432
-293.58111572265625, 263.1145324707031, 1.313789975465971, 3.942927902290968, -0.3304122412608859
-293.38995361328125, 263.8262634277344, 1.3115681589274848, 3.970693136069004, -0.0221863996240422
-293.2111511230469, 264.4979858398437, 1.3100553479391437, 3.9787800100148583, -0.1437845431092533
-293.02996826171875, 265.1755065917969, 1.3032920118550528, 3.969399065230773, -0.253691219488542
-292.8412170410156, 265.8588562011719, 1.2945569034030404, 3.981808054899246, -0.3174139054373542
-292.6484680175781, 266.53076171875, 1.2961336486413009, 3.997965042721357, 0.3523338469451598
-292.4605407714844, 267.21795654296875, 1.3132409673258305, 4.007265462587113, 0.7055344694564649
-292.2754211425781, 267.9497375488281, 1.3381260555630954, 4.0029837094022325, 1.0783535899441514
-292.1181335449219, 268.6383056640625, 1.3654895443021218, 4.004926253693816, 1.156488909322478
-291.9742431640625, 269.3634033203125, 1.3931685610984168, 3.996454060026285, 1.1412916690755908
-291.85614013671875, 270.0643005371094, 1.4208127368780747, 4.001962852713756, 1.1236348474500848
-291.7586364746094, 270.7577514648437, 1.4449925360889315, 4.007576724155448, 0.8273941300848849
-291.6721496582031, 271.494140625, 1.467183173405008, 4.002264373344087, 0.8340550869054568
-291.60174560546875, 272.2084655761719, 1.4866371003342262, 3.99751791943884, 0.7699793560183151
-291.545654296875, 272.92059326171875, 1.504160145728334, 3.969343407497095, 0.6705030257040454
-291.4983215332031, 273.6484680175781, 1.5180611822620866, 3.966965151834537, 0.4613344165937818
-291.46197509765625, 274.3562927246094, 1.5303117711923138, 3.983727801907668, 0.5203584214348169
-291.4381103515625, 275.0613098144531, 1.54336661797808, 4.012690602088213, 0.5683585845563289
-291.42315673828125, 275.75994873046875, 1.5544028971041175, 4.024989954948568, 0.3913836198953311
-291.4111328125, 276.50994873046875, 1.5666093811411983, 4.0244078240267065, 0.4149796537118574
-291.400146484375, 277.2154235839844, 1.5593363365134012, 4.021384105958584, -0.5619355933106362
-291.38446044921875, 277.91265869140625, 1.5486954939961295, 4.026912064109792, -0.2339351920244409
-291.3680114746094, 278.4193115234375, 1.5451598157817283, 4.040564840572078, -0.1904711226797087
-291.3440246582031, 279.1349182128906, 1.5479937664895242, 4.060392435248187, 0.4087795270830696
-291.32525634765625, 279.8714294433594, 1.5665169315970378, 4.076979949126852, 0.9080241763786118
-291.3218994140625, 280.5924072265625, 1.5896616733315856, 4.095394652025585, 0.9918570104671056
-291.33642578125, 281.3081970214844, 1.6144153272936466, 4.10010998540143, 0.9002186582921968
-291.35791015625, 281.82666015625, 1.6325538863910083, 4.096326626452215, 1.015680118507004
-291.38824462890625, 282.3314514160156, 1.6479312937219597, 4.103825519375991, 0.8638368600659957
-291.4426574707031, 283.0350036621094, 1.666813958479299, 4.102511500509126, 0.6637201000338129
-291.4909973144531, 283.5461730957031, 1.6791807734346378, 4.135185788649248, 0.6757442361686868
-291.57452392578125, 284.27996826171875, 1.6977882493258472, 4.158212411983707, 0.8746714717396115
-291.6746520996094, 285.007080078125, 1.7161553411979984, 4.171637182884659, 0.6390256138474913
-291.7902526855469, 285.7298889160156, 1.731775275675008, 4.179068977808905, 0.5384831022035411
-291.8741760253906, 286.22576904296875, 1.742769873479837, 4.172627606145651, 0.6119148805730599
-291.9685974121094, 286.7401428222656, 1.7582728334623443, 4.192625824218039, 0.986323383341644
-292.1125793457031, 287.4564819335937, 1.7903374206030698, 4.212490290647006, 1.4886988360639963
-292.2266845703125, 287.953369140625, 1.8146152651141376, 4.238248955777832, 1.4202684414090785
-292.4173278808594, 288.6805419921875, 1.8501625102375476, 4.272902598950742, 1.4570808127264998
-292.5638732910156, 289.1771545410156, 1.874493953875416, 4.296901660987679, 1.4448271830758794
-292.7986755371094, 289.8946533203125, 1.9099141162471296, 4.332169911730103, 1.5214782490249192
-293.0646057128906, 290.6181640625, 1.946950390824183, 4.380863248598748, 1.5832504305658084
-293.26300048828125, 291.0976257324219, 1.9727750598988347, 4.388266650101554, 1.6538881929967677
-293.46826171875, 291.5682983398437, 1.996253684258467, 4.410211605076705, 1.302064196652457
-293.703125, 292.06298828125, 2.02119611892118, 4.426775790383984, 1.4348372394972089
-294.0472106933594, 292.7434387207031, 2.0550480932448254, 4.470280542493052, 1.397001946834982
-294.3061218261719, 293.2209777832031, 2.080331563475621, 4.501461642206973, 1.5998843880628586
-294.57763671875, 293.6954345703125, 2.1053380279385543, 4.5217018252647225, 1.4646971187970297
-294.8681945800781, 294.17108154296875, 2.1305168116193816, 4.520559394110319, 1.5560791347027074
-295.1390075683594, 294.5956115722656, 2.151102673567541, 4.541157872883847, 1.2213772051484575
-295.44757080078125, 295.0595092773437, 2.1684717895501464, 4.553484405723843, 0.793320806586137
-295.76092529296875, 295.51617431640625, 2.178879240872069, 4.528490042061634, 0.5663750018687352
-296.07830810546875, 295.9738464355469, 2.18704231317882, 4.54175130282149, 0.5146899803214086
-296.53192138671875, 296.6181335449219, 2.200792289494604, 4.541847482775505, 0.6740593046689515
-296.86676025390625, 297.0774841308594, 2.2120872126631674, 4.536346549537093, 0.709120835531586
-297.1765441894531, 297.4900817871094, 2.221909656893821, 4.559836519239148, 0.5765892937135926
-297.5219116210937, 297.9365234375, 2.230801120220173, 4.568823836947972, 0.5197394718107141
-297.85089111328125, 298.3544311523437, 2.2299027849045423, 4.590824477436215, -0.4687697827832985
-298.1766357421875, 298.7749938964844, 2.199553607104791, 4.60859756747064, -2.012096621645424
-298.5256042480469, 299.2450561523437, 2.180107677630072, 4.621411138734205, -0.6044503990349797
-298.8287353515625, 299.669921875, 2.1783974019222807, 4.632411332464791, 0.0008119337196302
-299.1660461425781, 300.1416015625, 2.177609418750672, 4.653183511699626, -0.0606873574774206
-299.4703063964844, 300.5637512207031, 2.175573089317794, 4.668127159905526, -0.1183238265196748
-299.8148498535156, 301.0447998046875, 2.1732475387292203, 4.667154588243562, -0.1322374889690996
-300.1260070800781, 301.48779296875, 2.1693637602036397, 4.674956633472521, -0.2911306334009613
-300.4549255371094, 301.9790344238281, 2.162802548667738, 4.682207949845523, -0.3816365809760799
-300.74932861328125, 302.4269714355469, 2.16088878922646, 4.678271928863244, -0.109334102184173
-301.0595703125, 302.896484375, 2.1590405511815, 4.677131754430857, -0.1580866757176208
-301.3663330078125, 303.3583068847656, 2.156392152328859, 4.694260642353646, -0.1361367148619595
-301.6793212890625, 303.8331604003906, 2.1560421296388768, 4.707050471217857, 0.0583912265421518
-301.9724426269531, 304.2779846191406, 2.1606228235493568, 4.734100931894167, 0.4184617470829386
-302.3044738769531, 304.7697448730469, 2.173120038838041, 4.727372058392523, 0.7677798687342458
-302.6208190917969, 305.2263488769531, 2.1851684619817258, 4.724620709891227, 0.7777981803804453
-302.9660339355469, 305.7027587890625, 2.201118330418404, 4.721412054091973, 0.9910134963808136
-303.3013916015625, 306.15496826171875, 2.219550189122831, 4.721361637426619, 1.1232339975532275
-303.63238525390625, 306.5857238769531, 2.236924332629352, 4.72043127107245, 1.0553379681397246
-303.96099853515625, 307.0029602050781, 2.2480546592867148, 4.724433374208674, 0.5332205850131042
-304.34130859375, 307.4734191894531, 2.2578851597956904, 4.73435125859515, 0.5546176977305685
-304.686279296875, 307.89190673828125, 2.266288270663938, 4.74363574829186, 0.4527839251493842
-305.0544128417969, 308.3309936523437, 2.2751454066637398, 4.753610965202992, 0.5195595134438653
-305.4349060058594, 308.77606201171875, 2.2842422933256765, 4.763080366493357, 0.5356425169845755
-305.7872314453125, 309.1814880371094, 2.293235023598611, 4.772432142828485, 0.486861741035457
-306.1765441894531, 309.6158447265625, 2.303608086729924, 4.772178095226997, 0.6083411396215781
-306.5843811035156, 310.0637512207031, 2.313242703270916, 4.773855756326814, 0.5690052147064338
-306.9500732421875, 310.45416259765625, 2.321575778489354, 4.783430525366786, 0.4296556890767198
-307.3489074707031, 310.8760986328125, 2.3301598519057656, 4.7972084487948985, 0.5417005266290389
-307.74224853515625, 311.2879333496094, 2.3386101417319827, 4.815946036739713, 0.5401330340389332
-308.1349792480469, 311.6882019042969, 2.347854348105093, 4.823271417017372, 0.5351023255618974
-308.5685729980469, 312.1257629394531, 2.3500165682527623, 4.822773242610159, -0.1019383461212859
-308.9852600097656, 312.55078125, 2.330507674929668, 4.82843546252648, -1.8019018283643196
-309.3672180175781, 312.95477294921875, 2.3087841555120114, 4.829730252154661, -1.1664907779923377
-309.7658996582031, 313.3923034667969, 2.304279627832168, 4.8235368729155335, -0.1492041000790406
-310.1335754394531, 313.7987670898437, 2.303450374201285, 4.824333634046895, -0.0222184444852381
-310.53094482421875, 314.2391357421875, 2.30315361559469, 4.819345130777332, -0.0172279712451484
-310.9090576171875, 314.66015625, 2.305412956021577, 4.804533222337772, 0.273027609089466
-311.3136291503906, 315.1092529296875, 2.3133825272940136, 4.78998024266583, 0.5175398577988399
-311.6793212890625, 315.5077514648437, 2.322526206140884, 4.783358417600267, 0.6611991483183033
-312.0596008300781, 315.91522216796875, 2.3386015356853864, 4.788158931643994, 0.91906894349905
-312.45904541015625, 316.328369140625, 2.360618641611066, 4.800841554784259, 1.329072850221468
-312.8571472167969, 316.7199401855469, 2.377564307998026, 4.7977356449871085, 0.8904321888921043
-313.3016052246094, 317.1476745605469, 2.3872380608806463, 4.809313793026062, 0.5297003518484774
-313.6994934082031, 317.5230407714844, 2.390522695215756, 4.813881812739259, 0.0057177384707158
-314.14080810546875, 317.9395446777344, 2.371066315602905, 4.816819011252982, -1.4312701223688902
-314.5262451171875, 318.31793212890625, 2.356823971303818, 4.816033844514815, -0.5154995813434482
-314.9259338378906, 318.7155456542969, 2.3516142535169067, 4.814021632123124, -0.2768317710602061
-315.33709716796875, 319.1307983398437, 2.3397636390601253, 4.812597084110497, -0.7859150050081897
-315.735107421875, 319.54638671875, 2.323527605516888, 4.813576095940304, -0.7751991099062059
-316.1430358886719, 319.9797668457031, 2.316102123710195, 4.800911983747771, -0.410865560043974
-316.5484313964844, 320.41717529296875, 2.3028372592655693, 4.782972391738274, -1.1651318607634495
-316.9037780761719, 320.8160095214844, 2.278621127518134, 4.772968173628619, -1.375070008663215
-317.2833251953125, 321.2533264160156, 2.2696575029344643, 4.78177747265017, -0.448593771768202
-317.64599609375, 321.68292236328125, 2.264222988462837, 4.770578171376975, -0.3076862501367869
-318.0003356933594, 322.1125183105469, 2.2597428447154506, 4.783813130890199, -0.2378254336925903
-318.376953125, 322.5713806152344, 2.2542990900849107, 4.773941277535865, -0.3300729008225749
-318.73358154296875, 323.01080322265625, 2.2492747135153213, 4.780089584192102, -0.3003998441253188
-319.08612060546875, 323.4517822265625, 2.245265649944716, 4.7799594090434825, -0.2165702691181959
-319.4515686035156, 323.9129943847656, 2.241028397279077, 4.7796584071402926, -0.2457659754410081
-319.79547119140625, 324.3499450683594, 2.238205664058498, 4.78089366165983, -0.1204808228015503
-320.1428527832031, 324.7880859375, 2.244146162906662, 4.775436166628464, 0.4633230969784897
-320.52410888671875, 325.2578125, 2.2591649778438168, 4.775308006755736, 0.8507295830311701
-320.8715209960937, 325.67205810546875, 2.2728062535062685, 4.77113489608256, 0.8019759919296794
-321.2699584960937, 326.1330261230469, 2.2929625676826486, 4.769347714065674, 1.1356069139138218
-321.6437683105469, 326.5538635253906, 2.299209390079461, 4.765221234647012, 0.1367071174193559
-322.0302734375, 326.98199462890625, 2.2932818339846737, 4.753486893560789, -0.4658940219349173
-322.4051513671875, 327.4085693359375, 2.2857081863917905, 4.771415112345279, -0.4455773465994722
-322.7467956542969, 327.80633544921875, 2.279409188071755, 4.768536774701318, -0.3367494197042768
-323.1169128417969, 328.2427978515625, 2.265108463070619, 4.767535237713073, -0.8779644443807404
-323.49951171875, 328.70172119140625, 2.2524030072349017, 4.780284449863177, -0.4307682741092415
-323.8534545898437, 329.13397216796875, 2.2513175627541795, 4.793889175177007, -0.0105178229170293
-324.2033996582031, 329.5599060058594, 2.250295337484167, 4.782169738104124, -0.0452143544602153
-324.5844116210937, 330.02960205078125, 2.248694684936156, 4.773687677649617, -0.1447280430061305
-324.9425048828125, 330.4674987792969, 2.2423140916190096, 4.762698313950438, -0.521897073214921
-325.2996520996094, 330.9135131835937, 2.232742234108745, 4.744490355048932, -0.5142544055179933
-325.637451171875, 331.34381103515625, 2.224724954480859, 4.721489564699037, -0.4146010552343217
-325.979248046875, 331.78680419921875, 2.2157286392709032, 4.697729183505146, -0.5064514408955285
-326.3379211425781, 332.26373291015625, 2.2056364618094566, 4.671350344718332, -0.5780587005425901
-326.6570739746094, 332.69586181640625, 2.1953054796507088, 4.667819208150124, -0.6508294367006036
-326.9855041503906, 333.15185546875, 2.184570333914138, 4.650147856117774, -0.611002328361277
-327.3119201660156, 333.6195373535156, 2.175143953451853, 4.659414355880027, -0.5025727334432621
-327.60894775390625, 334.05303955078125, 2.1669029177487946, 4.657006551375648, -0.499129257355565
-327.9285888671875, 334.527099609375, 2.158028560455488, 4.650241089001911, -0.5119574184064181
-328.2469482421875, 335.0018005371094, 2.1495191609002493, 4.636980040071799, -0.5694472621427885
-328.5243530273437, 335.4242248535156, 2.1413001715376296, 4.640688876159004, -0.45202030705963
-328.85455322265625, 335.93719482421875, 2.13151243575154, 4.637781797340768, -0.5752492672333301
-329.1455078125, 336.3959350585937, 2.123358498225847, 4.619714505746108, -0.5091321991910333
-329.447998046875, 336.8816223144531, 2.114889422210581, 4.60140500885916, -0.4912404788157686
-329.73260498046875, 337.34130859375, 2.1073679222993267, 4.587059693857999, -0.4786694607343169
-329.99432373046875, 337.7795104980469, 2.098435558242743, 4.570363203284197, -0.5067745970747825
-330.28729248046875, 338.2802124023437, 2.0858775012842923, 4.547748562732431, -0.8265279974673359
-330.5535583496094, 338.7513122558594, 2.0645792920356287, 4.526103254205245, -1.532711734488271
-330.8113098144531, 339.2454528808594, 2.038431721205983, 4.516624731328934, -1.4844948431195932
-331.0492553710937, 339.71148681640625, 2.016538147469383, 4.484709289541127, -1.5188487939186668
-331.2655639648437, 340.1869506835937, 1.993639896497439, 4.466375108488429, -1.441998831709015
-331.4769897460937, 340.66943359375, 1.9739297933672455, 4.464685093598188, -1.1738755700109116
-331.6669921875, 341.13897705078125, 1.957637324866492, 4.458661117669425, -0.8314411967661407
-331.86981201171875, 341.6644592285156, 1.9406275629657277, 4.456881766905379, -0.9621715993450198
-332.0634765625, 342.19146728515625, 1.9246089960482369, 4.450849490846339, -0.8875041232384256
-332.2330322265625, 342.6731262207031, 1.9108652715721144, 4.441262351057762, -0.8855870683766945
-332.3992614746094, 343.165771484375, 1.8952027646670109, 4.429147443704397, -0.8951867408356824
-332.5611267089844, 343.6687316894531, 1.8787336641155823, 4.413096864294226, -0.913011946577564
-332.71295166015625, 344.1714782714844, 1.8623161661760608, 4.409758719190177, -0.8443906831502508
-332.8673400878906, 344.7033386230469, 1.8518120967996392, 4.378963177547417, -0.5757021120338379
-333.00225830078125, 345.18670654296875, 1.844289743342696, 4.365561185008035, -0.3916237891192383
-333.1452331542969, 345.7083435058594, 1.8359632842000224, 4.348807092696134, -0.5385150714722897
-333.3426208496094, 346.4574890136719, 1.822950386954587, 4.31859375850402, -0.5840542756238085
-333.4715576171875, 346.9646911621094, 1.8144648897410465, 4.305482961208974, -0.518859981812813
-333.6429748535156, 347.70343017578125, 1.790501100628722, 4.2872470544412025, -1.2533667792692968
-333.75439453125, 348.2142944335937, 1.7678416380202338, 4.269656449186466, -1.4487011079946654
-333.8533630371094, 348.7208557128906, 1.7454081409503956, 4.251674740891679, -1.4405354564671689
-333.9418334960937, 349.21685791015625, 1.7222279460311682, 4.231775896003473, -1.4595961073103574
-334.0468139648437, 349.9535217285156, 1.6871588385352894, 4.188513142771124, -1.5427582270213236
-334.1026611328125, 350.47271728515625, 1.662457961098105, 4.160160843168107, -1.3965071749984088
-334.1564636230469, 351.2085876464844, 1.6290042303684924, 4.111742606781588, -1.3910495999958736
-334.1760559082031, 351.7193603515625, 1.605290991480044, 4.092506802026255, -1.4124815499720629
-334.181640625, 352.4073486328125, 1.573468231529115, 4.07534741449116, -1.281485592239787
-334.16357421875, 353.1424255371094, 1.5390868483385862, 4.056255384849938, -1.4525482581190958
-334.1241760253906, 353.8793029785156, 1.5186117352335795, 4.034201009670731, -0.4576702041162907
-334.0696105957031, 354.6034240722656, 1.5095538322029292, 4.008137488849107, -0.3193156934108873
-334.0169982910156, 355.302490234375, 1.5068145532755537, 3.986186732503799, -0.0735067677336749
-333.9562072753906, 356.0456237792969, 1.5075006989691335, 3.964955965086627, 0.091116242555997
-333.9017028808594, 356.7471923828125, 1.5073648046800407, 3.929232386523741, 0.0167942562975841
-333.8422241210937, 357.4455261230469, 1.5021379202317997, 3.893147516474735, -0.1903760942831583
-333.7912292480469, 358.12335205078125, 1.4945976389533735, 3.865320881150418, -0.7081506313637053
-333.7232666015625, 358.7914123535156, 1.4579159379200997, 3.845357227437998, -1.3094747880353492
-333.6350402832031, 359.4898986816406, 1.4454520040068166, 3.826317295708456, -0.3603334356335687
-333.55389404296875, 360.1471862792969, 1.4398833747297122, 3.798087083149439, -0.3067611314113182
-333.4590148925781, 360.8406066894531, 1.433006825494446, 3.803580439064364, -0.237705052696125
-333.36480712890625, 361.513671875, 1.4259026309450702, 3.791624238442992, -0.2002842790764661
-333.2691650390625, 362.1875, 1.4200987268096077, 3.782688249286185, -0.3340741749758911
-333.1651916503906, 362.86224365234375, 1.4113436807164694, 3.769171722913141, -0.3131607035835854
-333.0518798828125, 363.5350646972656, 1.404195058361983, 3.7546859495973663, -0.2676026034693112
-332.9371032714844, 364.1764831542969, 1.3984091426536924, 3.734310455041799, -0.1311746367638983
-332.8113708496094, 364.8459167480469, 1.3900178192679888, 3.7328959569515785, -0.4403954878128083
-332.6826477050781, 365.4962463378906, 1.3795856985838697, 3.713406585780055, -0.400986347895394
-332.5485534667969, 366.1407775878906, 1.3759446502546415, 3.7384393018892217, 0.0780389609930033
-332.41558837890625, 366.81451416015625, 1.387577272287733, 3.742541005275397, 0.5342697645397344
-332.2969970703125, 367.45208740234375, 1.4097925668444589, 3.726078583029416, 1.0742063218085462
-332.1826171875, 368.1405334472656, 1.4430394878147652, 3.6801317254161017, 1.3923745150317004
-332.099365234375, 368.7757873535156, 1.4749396983976697, 3.6515211174676656, 1.2338541178462408
-332.0351867675781, 369.4334411621094, 1.5038540776700486, 3.603569369767886, 1.1995680764648642
-331.9900817871094, 370.1126403808594, 1.5336233236528924, 3.555453853473396, 1.1454064216390527
-331.9657287597656, 370.7192993164063, 1.5568121561271877, 3.5245452282006706, 0.9251834448387044
-331.95361328125, 371.3592834472656, 1.576527128828528, 3.502952980527033, 0.7432035151038968
-331.9559326171875, 371.9630432128906, 1.589182908472286, 3.5272302830125724, 0.4109319266814407
-331.9666748046875, 372.60296630859375, 1.6025009069911125, 3.525378520106831, 0.5180094924361105
-331.986083984375, 373.2401428222656, 1.6176093050776803, 3.5143920106618176, 0.6537916333385433
-332.0150451660156, 373.8828125, 1.631741363115376, 3.5104054855336573, 0.5702736664229072
-332.0521545410156, 374.4908447265625, 1.6459587561014848, 3.499521293575195, 0.6156511028589677
-332.1043395996094, 375.1438903808594, 1.663080765755689, 3.496829325294432, 0.7192250945944987
-332.1661376953125, 375.7684326171875, 1.6788488263688173, 3.487902594707041, 0.5739486418875535
-332.237060546875, 376.380859375, 1.695464939631547, 3.4603982010098417, 0.6589920874949479
-332.31561279296875, 376.9889831542969, 1.7109195669350274, 3.436344802264929, 0.6047823798959772
-332.40728759765625, 377.59716796875, 1.7270915452996771, 3.4221859746202954, 0.6624002328501093
-332.50518798828125, 378.1968688964844, 1.7447837584672945, 3.4386101930848376, 0.8508901486589964
-332.6237487792969, 378.8143005371094, 1.768944977804198, 3.4464385185860187, 0.9761275337891858
-332.7589416503906, 379.4413146972656, 1.7940986952358695, 3.431503377584918, 0.9804682208664124
-332.8917236328125, 380.0199279785156, 1.8160217815646984, 3.438707428091304, 1.0136178296429843
-333.0466613769531, 380.6221923828125, 1.8346080655575177, 3.421724534723884, 0.6268198443852584
-333.2110900878906, 381.2236633300781, 1.8497294683636645, 3.433751000632811, 0.5733210085205755
-333.37823486328125, 381.802734375, 1.863049992886383, 3.4538030851463506, 0.5257675753914605
-333.5613098144531, 382.40625, 1.87692040294423, 3.469231177638876, 0.5351225396058785
-333.7536926269531, 383.0090637207031, 1.8910471745320336, 3.4900327262801265, 0.5534449858566064
-333.9554748535156, 383.6056823730469, 1.9049113766413883, 3.5194610365678773, 0.558519161617271
-334.1639709472656, 384.1852111816406, 1.9128118725080137, 3.533285435450943, 0.0367457727768831
-334.3718566894531, 384.7599182128906, 1.9023195609904529, 3.5578766470527565, -0.5060041569430119
-334.5855407714844, 385.3756103515625, 1.885507443045649, 3.552119557841046, -0.5841499610597493
-334.7896423339844, 386.0005493164063, 1.8712715436204856, 3.581954139768558, -0.3646359320190881
-334.97265625, 386.5806274414063, 1.870233684479404, 3.62112054983166, 0.1134967609603834
-335.1752624511719, 387.2267761230469, 1.873594092095616, 3.642573835638464, 0.1472374476528749
-335.3697204589844, 387.8359375, 1.8791891641635887, 3.628328416742879, 0.21923519570829
-335.5747985839844, 388.47021484375, 1.8838637517841548, 3.64465411706117, 0.1924163381794966
-335.77154541015625, 389.0689697265625, 1.8923132972865977, 3.657825175071318, 0.4353051561057069
-335.9873352050781, 389.7038269042969, 1.903281829342196, 3.678778408333757, 0.4725133698091354
-336.1979675292969, 390.30755615234375, 1.9139541273305487, 3.698020822005221, 0.3953521457914172
-336.4250793457031, 390.9402160644531, 1.928746566525927, 3.68394633539461, 0.6189262858420364
-336.6658935546875, 391.5863342285156, 1.944966803914209, 3.702408274707923, 0.5563556032801302
-336.9043273925781, 392.1968688964844, 1.962898532992064, 3.735125175707129, 0.8562610404754125
-337.1622619628906, 392.8156127929688, 1.985571286020664, 3.795263665682507, 0.9849617393084574
-337.4323425292969, 393.4144592285156, 2.0119199582327383, 3.833841435755079, 1.098637176640735
-337.7395935058594, 394.0531921386719, 2.041784756751857, 3.861739612895191, 1.1880893771802905
-338.0709228515625, 394.6866455078125, 2.0825683009252147, 3.910807369899152, 1.76328139439671
-338.4144897460937, 395.28131103515625, 2.1343044586305897, 3.9418156396982935, 2.367682805630267
-338.7919311523437, 395.8695373535156, 2.174457224963059, 3.976036439843024, 1.068999535877821
-339.18115234375, 396.4353942871094, 2.1954932716741906, 3.9990639348007018, 1.024634636033848
-339.47808837890625, 396.839599609375, 2.2348397644844296, 4.016476905733658, 2.382183993028958
-339.9206237792969, 397.3927917480469, 2.2723218264357783, 4.036978752618044, 0.7184143110249612
-340.2455444335937, 397.77679443359375, 2.286256418171222, 4.065634550124723, 1.1295048598422726
-340.6853332519531, 398.2719421386719, 2.335201028235513, 4.116477904448352, 2.150301676529827
-341.0600280761719, 398.6580505371094, 2.352172386441847, 4.154093800625783, 0.6696741387659783
-341.4159240722656, 399.0139770507813, 2.3680161232051606, 4.1967248339069405, 1.3399777671535875
-341.7804870605469, 399.3570861816406, 2.415463974395978, 4.218126907319518, 3.745158491879717
-342.2012939453125, 399.7834167480469, 2.532394101334601, 1.6268246278807772, 9.889149054471975
-341.81597900390625, 400.1410827636719, 2.395014688197147, 0.7880334929905681, -7.357957092934362
-341.3117980957031, 400.10052490234375, 2.812433235194934, 0.148661681278084, 0.3423118328105006
