2.388899911220932e-10, 1.285973958613587e-13, -1.7670809260295073e-11, 3.601523745899952e-09, 1.8175355256292112e-27
1.5558927059173584, -0.0196961686015129, -0.0114668933674693, 3.957432680937235, 1.015996531350538e-08
3.174983263015747, -0.0564889200031757, -0.0111659597605466, 5.417441786510893, 2.0183506421744823e-08
4.726458549499512, 0.0385227501392364, 0.1226590201258659, 6.479665906929943, -3.172317741828578e-09
6.29942512512207, 0.3764266669750213, 0.288922369480133, 7.389645605519608, 1.3955286704003813e-08
7.782960891723633, 0.907970666885376, 0.4444579780101776, 8.133925212971992, -1.4770193956792356e-08
9.289953231811523, 1.7074936628341677, 0.6844263672828674, 8.589585909319826, 2.8448996047814038e-08
10.50794792175293, 2.6423728466033936, 0.9106321334838868, 8.871366144089231, 2.906017648740544e-08
11.60446834564209, 3.800942659378052, 1.1154963970184326, 9.060306049082683, -2.8958311304450035e-08
12.523235321044922, 5.128509044647217, 1.277804613113403, 9.017219062702756, -6.111803840802564e-10
13.246070861816406, 6.560627460479736, 1.3463068008422852, 8.982649084642825, -9.022189106921983e-10
13.822982788085938, 8.055846214294434, 1.3089594841003418, 9.353168536921435, 2.5465857200757114e-10
14.40082836151123, 9.622980117797852, 1.1759108304977417, 9.834499835525666, -6.012851372361183e-08
15.132869720458984, 11.210692405700684, 0.975170075893402, 10.201987605371611, -2.9627699404954914e-08
15.898503303527832, 12.510265350341797, 0.8181701898574829, 10.371162092698173, -3.128661774098873e-08
16.81017303466797, 13.746567726135254, 0.6394446492195129, 10.333603890659523, 3.1257510357818325e-08
17.86528778076172, 14.87382984161377, 0.4484908282756805, 10.1651348693242, -1.002918068593317e-07
19.04998588562012, 15.867347717285156, 0.2846499681472778, 9.96410311113366, -2.764863671345097e-09
20.317251205444336, 16.70453643798828, 0.180007055401802, 9.64577284019851, -7.043126970529556e-09
21.84608459472656, 17.509925842285156, 0.1982225477695465, 9.364751380947824, -1.4319084584712982e-08
23.375682830810547, 18.151296615600582, 0.2409679740667343, 9.400402567586369, -2.4738250337108525e-10
24.93099403381348, 18.704742431640625, 0.2541133463382721, 9.530908784326831, 1.4624674804508686e-08
26.543676376342773, 19.16551780700684, 0.1928651928901672, 9.725329327489304, -6.737537194823062e-09
28.21775245666504, 19.5113468170166, 0.0714421719312667, 9.859525650197623, 3.4604454413056374e-08
29.935880661010746, 19.690467834472656, -0.0256450716406106, 9.978613564538469, 1.1961674317717552e-08
31.67844009399414, 19.83606338500977, 0.0796168446540832, 10.07820707653799, -2.2308086045086384e-08
33.42863845825195, 20.086238861083984, 0.2245779484510421, 10.235970378474573, 8.41100700199604e-09
35.180137634277344, 20.484235763549805, 0.3672859072685241, 10.355510890978692, -6.111804395914078e-10
36.62520599365234, 20.949174880981445, 0.5017553567886353, 10.433567319243522, 4.7333742259070284e-08
38.02873611450195, 21.567113876342773, 0.6924405694007874, 10.357419515362192, -3.364402800798416e-08
39.3604850769043, 22.336715698242188, 0.812652051448822, 10.247907928958856, 3.1375748221762485e-08
40.60896682739258, 23.20400619506836, 0.7998211979866028, 10.30262443522325, -2.9962389902493676e-08
41.83244323730469, 24.09677505493164, 0.6936429142951965, 10.432626058836714, -2.98969098366797e-08
43.0828971862793, 24.965097427368164, 0.5741233825683594, 10.550879880289273, 3.115565050393343e-08
44.389747619628906, 25.77529525756836, 0.4456984996795654, 10.637247253207155, -2.601882442831993e-08
45.77526092529297, 26.47780036926269, 0.2515219449996948, 10.59482946288957, 2.6193449187417173e-08
47.23606491088867, 27.02981948852539, 0.0591546259820461, 10.472789268633449, 5.326000973582268e-09
48.7418212890625, 27.42674446105957, -0.0320978499948978, 10.359004528779986, 1.9354047253727916e-08
50.263763427734375, 27.708023071289062, 0.0208410024642944, 10.563884918249617, 1.7869751900434494e-08
51.78955078125, 27.99275016784668, 0.1731939911842346, 10.750932578819477, -9.633367881178856e-09
53.31270980834961, 28.37213516235352, 0.379688024520874, 10.839328350345856, 1.7102138372138146e-08
54.80548477172852, 28.900413513183597, 0.592088520526886, 10.730452738160658, 2.4621840566396717e-08
56.24116134643555, 29.57000541687012, 0.698521614074707, 10.624086606826358, -2.8376234695315356e-10
57.61410140991211, 30.328725814819336, 0.7012274265289307, 10.586386072011427, 3.0238879844546325e-08
58.93120956420898, 31.139617919921875, 0.6790733337402344, 10.542583642894677, 4.802130915138035e-10
60.21104431152344, 31.97975349426269, 0.6459234952926636, 10.492577399518725, 3.001332515850663e-08
61.46369934082031, 32.81792449951172, 0.6079640984535217, 10.192446439513942, 2.991509973071516e-08
62.88842391967773, 33.75011444091797, 0.5621922016143799, 9.342300575481344, -1.964508417051647e-10
64.20530700683594, 34.54508590698242, 0.4624442458152771, 8.360552909941916, -7.275957059071914e-10
65.65338134765625, 35.20941162109375, 0.2707346081733703, 7.242452457274032, -2.8827344067394733e-08
67.09650421142578, 35.63447952270508, 0.093822456896305, 5.612725961414573, -4.038156475871801e-09
68.61266326904297, 35.85577774047852, 0.0717649757862091, 3.895661337869727, 1.498301571700722e-08
70.12051391601562, 36.24814987182617, 0.2414055317640304, 2.9074392360156045, -1.4551913840588068e-10
71.42633819580078, 37.045352935791016, 0.5838600397109985, 3.975301593487568, 6.111804395914078e-10
72.23802185058594, 38.3121452331543, 1.013500452041626, 4.459764110943921, 3.162858774885535e-08
72.49995422363281, 39.93086242675781, 1.4657700061798096, 4.906417808074945, -5.6781573221087456e-08
72.14148712158203, 41.5322265625, 1.856854796409607, 5.44185764668241, 8.897040970623493e-08
71.61585998535156, 42.95280456542969, 1.870999813079834, 6.070460875543639, -2.9802320611338476e-08
71.24105072021484, 44.55034255981445, 1.7552403211593628, 6.552919824827767, -8.93414835445583e-08
70.9288101196289, 46.08545684814453, 1.830942988395691, 6.891793825193789, -1.4802208170294764e-07
70.36170959472656, 47.60667419433594, 2.0577309131622314, 7.114225352076599, 8.894129877035085e-08
69.48856353759766, 49.03715515136719, 2.222785711288452, 7.438733383867397, -3.010973159689456e-08
68.60853576660156, 50.30678176879883, 2.190542697906494, 7.77314602402864, -2.998785930685699e-08
67.72208404541016, 51.65292739868164, 2.137948513031006, 8.116094911455608, 3.007880877703428e-08
66.85406494140625, 53.09178161621094, 2.07975435256958, 8.440111714851886, -3.0173396226018674e-08
66.04072570800781, 54.63328170776367, 1.9921848773956297, 8.722279795300436, -1.2012606021016836e-07
65.43158721923828, 56.04738998413086, 1.8758394718170168, 8.944390337482579, 8.812639862298965e-08
64.9786605834961, 57.546531677246094, 1.710396647453308, 9.015241972950976, -1.0186341353746188e-10
64.65200805664062, 59.11315155029297, 1.696605563163757, 9.28851377929463, 2.9840521165169775e-08
64.3327407836914, 60.7215576171875, 1.7539068460464478, 9.547204702333207, 5.869833685778759e-08
63.96736526489258, 62.36297607421875, 1.8304234743118288, 9.784269104701266, 2.9001967050135136e-08
63.497989654541016, 64.01844787597656, 1.9422664642333984, 9.97436799433083, -3.323657438158989e-08
62.880313873291016, 65.66069030761719, 2.074126482009888, 10.12643450522202, 8.899951353669168e-08
62.08365249633789, 67.24441528320312, 2.2616539001464844, 10.007740945866235, 2.4854671210050583e-08
61.13956832885742, 68.71282958984375, 2.323927402496338, 9.83461047367533, 2.9254806577228013e-08
60.17759704589844, 70.12834930419922, 2.212197780609131, 9.718964994137709, 3.1446688808500773e-08
59.29365539550781, 71.56666564941406, 2.0540285110473637, 9.658498251523447, 6.092159310355784e-08
58.56867218017578, 73.07147216796875, 1.8395123481750488, 9.433902403825885, -6.030313670635223e-08
58.02526473999024, 74.61222839355469, 1.7415002584457395, 9.273600257679307, -7.275957614183426e-11
57.52284240722656, 76.14581298828125, 1.8670811653137207, 9.17499490259564, -5.9313606470823295e-08
56.89436340332031, 77.60623168945312, 2.0908493995666504, 9.083187412898557, 2.9103824905618575e-10
56.098140716552734, 78.96263885498047, 2.305276870727539, 8.905496960018393, -2.9307559046287682e-08
55.1411018371582, 80.17871856689453, 2.4779162406921387, 8.645522929705296, 1.5096156857907772e-07
54.07748794555664, 81.24209594726562, 2.5390784740448, 8.489705979013875, -1.0913935727385747e-10
52.79035949707031, 82.40689086914062, 2.470649719238281, 8.530216336087651, -2.9645889298990372e-08
51.5175895690918, 83.59263610839844, 2.3733103275299072, 8.59515716976939, -3.0104274628683925e-08
50.336708068847656, 84.87372589111328, 2.189960479736328, 8.54480327443142, 1.0477378964424131e-09
49.37887954711914, 86.30416107177734, 1.9565104246139529, 8.356330559307589, 2.971501089632511e-08
48.68955993652344, 87.84413146972656, 1.7502057552337646, 8.117228773137475, 8.990173228085042e-08
48.29000473022461, 89.43392944335938, 1.5738561153411863, 7.846400869915338, 5.4511474445462233e-08
48.1746711730957, 91.00154113769533, 1.427894949913025, 7.46918114713025, -5.966285243630409e-08
48.30492401123047, 92.67781066894533, 1.370799541473389, 7.113300672096993, -5.9495505411177874e-08
48.41606903076172, 94.30068969726562, 1.5263203382492063, 6.957432780464902, 2.8827344067394733e-08
48.32345199584961, 95.8985366821289, 1.716679930686951, 6.8744517048129605, 1.202861312776804e-07
47.970664978027344, 97.45249938964844, 1.9149953126907349, 6.866462770562112, -2.9278453439474106e-08
47.34853363037109, 98.91275787353516, 2.108536720275879, 6.839857756058058, -2.7066557883870246e-09
46.46681213378906, 100.2280731201172, 2.311087846755981, 6.813587847334034, 5.2386894822120675e-09
45.34197616577149, 101.3258056640625, 2.5275795459747314, 6.754600278279003, 3.492459876852649e-09
44.0000228881836, 102.16829681396484, 2.74859881401062, 6.988178749759029, 3.006425686180592e-08
42.443321228027344, 102.70733642578124, 3.003255605697632, 7.207651340797176, -6.490154191851616e-09
40.73448181152344, 102.8907470703125, -3.026793956756592, 7.595943961480786, -3.2596290111541752e-09
39.15726089477539, 102.72500610351562, -2.806180953979492, 7.932950972584211, -1.1932570487260816e-09
37.57215118408203, 102.2417221069336, -2.5919132232666016, 8.236801036249739, -3.3310243452433497e-10
36.04808044433594, 101.44231414794922, -2.3839290142059326, 8.490516099781905, -2.7619535103440285e-08
34.84050750732422, 100.51770782470705, -2.2101104259490967, 8.68888794950279, -2.7212081477046013e-08
33.76461410522461, 99.38810729980467, -2.0463361740112305, 8.874834859367116, 5.9255405915337185e-08
32.851768493652344, 98.08090209960938, -1.8859235048294067, 9.036716561223235, -2.759043127298355e-08
32.12724685668945, 96.62728881835938, -1.731342315673828, 9.137200451762336, 2.6950148779292252e-08
31.613924026489254, 95.08098602294922, -1.6105364561080933, 9.156167682670407, -5.92554023626235e-08
31.309484481811523, 93.47815704345705, -1.512152075767517, 9.224259359296088, -2.913293606354728e-08
31.187423706054688, 91.84431457519533, -1.513203740119934, 9.542985042098287, 5.834317562403157e-08
31.14810562133789, 90.12092590332033, -1.595268964767456, 10.18263910672072, -2.5465851649641985e-10
31.073711395263672, 88.61266326904297, -1.6946030855178833, 10.640047882461433, -1.2150850325909346e-09
30.904523849487305, 87.04228973388672, -1.805692434310913, 11.085243815922285, 2.101878635585308e-07
30.615373611450195, 85.41983795166016, -1.9145610332489011, 11.49405802547234, 3.0791852623224265e-08
30.191930770874023, 83.76079559326172, -2.023146390914917, 11.861175265649043, 5.8294972404837615e-08
29.6176700592041, 82.08953094482422, -2.1644511222839355, 12.003846423438144, -2.619344741106033e-09
28.87385368347168, 80.46234130859375, -2.3559465408325195, 11.832059799042431, -1.7462306600712907e-10
27.954151153564453, 78.91078186035156, -2.536986827850342, 11.603772085479376, 4.190951585769653e-09
26.85968971252441, 77.45669555664062, -2.674124002456665, 11.638510793150282, -1.5308614820241928e-08
25.611482620239254, 76.09516143798828, -2.6660115718841557, 12.19783235433896, -4.3655745685100555e-10
24.252166748046875, 74.81407928466797, -2.61490249633789, 12.71462354291714, 2.860906356261239e-08
23.10110092163086, 73.82764434814453, -2.56155776977539, 13.10043925041198, -7.275958169294937e-10
21.90680503845215, 72.8404769897461, -2.4829771518707275, 13.527601411838702, 5.238689482212067e-10
20.690475463867188, 71.8134765625, -2.387938976287842, 13.898672809267502, -2.72193574346602e-08
19.47980499267578, 70.7185287475586, -2.281053304672241, 14.148830833394758, -5.695710569852962e-10
18.29426383972168, 69.54694366455078, -2.1822669506073, 14.33640030483751, -2.913111352143005e-08
17.14643669128418, 68.29454040527344, -2.096949338912964, 14.505206011490689, 1.8189894035458562e-10
16.050430297851562, 66.96454620361328, -2.0222623348236084, 14.594331669410613, 8.779170457273723e-08
15.01586627960205, 65.56497955322266, -1.9545818567276, 14.698748220669607, 8.715142030268909e-08
14.047082901000977, 64.09740447998047, -1.895893692970276, 14.829348839291947, 5.7189026847481734e-08
13.15054988861084, 62.56689453125, -1.842302680015564, 14.93202275495987, 3.013701643794775e-08
12.328292846679688, 60.98051834106445, -1.7928162813186646, 15.04895260797047, 5.238689482212067e-10
11.58088207244873, 59.34209060668945, -1.7453752756118774, 15.170726700249944, 6.039044819772243e-08
10.91193675994873, 57.656494140625, -1.6798323392868042, 15.247618737206531, -3.0471710488200194e-08
10.339902877807615, 55.92448425292969, -1.554592847824097, 15.013223575530851, 1.5716067336413175e-09
9.884244918823242, 54.15755081176758, -1.412915825843811, 14.62455499555996, -2.904562279582024e-08
9.545162200927734, 52.36697769165039, -1.2855499982833862, 14.193399658487632, 1.1845258995890617e-07
9.322955131530762, 50.563926696777344, -1.172766923904419, 13.803584608269542, -2.8696376830339432e-08
9.224860191345217, 48.76430130004883, -1.060747146606445, 13.34180622627774, -6.164191290736198e-08
9.254024505615234, 46.98101425170898, -0.9471924304962158, 12.860752671790964, 8.597271516919137e-08
9.412750244140623, 45.2285041809082, -0.8499730229377747, 12.444638410287128, -4.656612873077393e-10
9.667890548706056, 43.52894973754883, -0.8882738947868347, 12.748822898807909, 7.566994808527737e-10
9.99622631072998, 41.89771270751953, -0.9896706342697144, 13.231247525374998, -7.858034778429611e-10
10.387248992919922, 40.31221389770508, -1.1310045719146729, 13.883669583651328, 6.111804395914078e-10
10.808023452758787, 38.7115592956543, -1.3076883554458618, 14.420088203175393, 1.4260876923799515e-09
11.186514854431152, 37.06269454956055, -1.4886410236358645, 14.638690945641835, 7.217749953269958e-09
11.482563972473145, 35.35984802246094, -1.6541281938552856, 14.671824425858745, 9.185168892145157e-08
11.676019668579102, 33.610374450683594, -1.798352837562561, 14.547840360079537, 6.199115887284279e-08
11.750261306762695, 31.843645095825195, -1.95074474811554, 14.118181747943703, -8.690403774380685e-08
11.696088790893556, 30.0776481628418, -2.096057891845703, 13.64885112293071, -5.820764703567959e-11
11.511707305908203, 28.326372146606445, -2.223414897918701, 13.213508750666076, -5.7974833822527216e-08
11.199831008911133, 26.606342315673828, -2.345136880874634, 12.717339228912904, 1.6880221664905546e-09
10.764969825744627, 24.93364906311035, -2.465590715408325, 12.199725556599509, 1.7462301049597784e-10
10.210776329040527, 23.322111129760746, -2.5692310333251958, 11.781365779233877, -1.0477377854201107e-09
9.5501708984375, 21.78107070922852, -2.6630146503448486, 11.400345034913778, -4.656613428188905e-10
8.792491912841797, 20.31761932373047, -2.7574706077575684, 11.029029004046263, 2.7299392968416214e-08
7.938191890716553, 18.94207763671875, -2.852014780044556, 10.715746623953272, 2.91038304567337e-09
6.992083549499512, 17.667356491088867, -2.95054030418396, 10.362384429032131, 6.8102963268756875e-09
5.964043617248535, 16.502553939819336, -3.051233530044556, 10.010290049996476, -6.757909432053566e-08
4.8653564453125, 15.450282096862791, 3.13900089263916, 9.714969337110531, 1.8102582544088364e-08
3.4113752841949463, 14.301261901855469, 3.024768829345703, 9.3686774687793, -8.294591680169106e-09
1.8872106075286863, 13.34241008758545, 2.9114623069763184, 9.092332156426902, 7.828930392861366e-09
0.2986765503883362, 12.588594436645508, 2.8242733478546143, 9.225337513900802, -1.525040538297162e-08
-1.3567802906036377, 12.027910232543944, 2.8388187885284424, 10.107578097952208, -2.6193447411060333e-10
-3.0572826862335205, 11.644664764404297, 2.9116415977478027, 11.06898420947366, 1.525040715932846e-08
-4.80272912979126, 11.411649703979492, 3.048847198486328, 12.115583874623216, -7.712515626145944e-10
-6.639519691467285, 11.226582527160645, -3.0174601078033447, 13.146843202748936, 1.3620591765572954e-08
-8.188460350036621, 11.009932518005373, -2.816987991333008, 13.6277404336865, 1.2937562132719902e-09
-9.78252410888672, 10.681593894958496, -2.611701011657715, 13.653518455761793, -2.6129782781936228e-08
-11.393500328063965, 10.222230911254885, -2.4276909828186035, 13.493745240515324, 3.2723619369789965e-08
-13.001121520996094, 9.61704444885254, -2.277048349380493, 13.388742390336002, 5.713081563385459e-08
-14.587541580200195, 8.882719993591309, -2.219175338745117, 13.558921660342598, -1.6916600065197684e-10
-16.14518928527832, 8.075762748718262, -2.2869226932525635, 14.099872351849903, 7.275952756957693e-11
-17.67405128479004, 7.243780612945557, -2.4276227951049805, 14.594462744264831, -2.8740029800466966e-10
-19.193754196166992, 6.423909664154053, -2.593883514404297, 14.839031212054884, 2.8638169169425964e-08
-20.737823486328125, 5.649599075317383, -2.7863006591796875, 14.865082501762014, 1.2165401130914688e-08
-22.32906150817871, 4.961026191711426, -3.0005507469177246, 14.58018591113662, -1.4755642041563988e-08
-23.97188186645508, 4.381833076477051, 3.089806318283081, 14.109910236230649, 1.1234078556299211e-08
-25.656892776489254, 3.914445638656616, 2.980254411697388, 13.850872206913468, -1.4653778634965421e-08
-27.352922439575195, 3.54081654548645, 2.995706796646118, 14.045675814979276, -6.111804395914078e-10
-29.05171775817871, 3.2346067428588867, 3.0916943550109863, 14.533623148200808, -5.972833605483174e-08
-30.759056091308597, 2.946636199951172, -3.0020763874053955, 14.970809407636178, 1.3378303265199065e-07
-32.462581634521484, 2.588754653930664, -2.765201568603516, 14.878558620831074, 1.5943078324198725e-07
-34.1455192565918, 2.1227829456329346, -2.54276704788208, 14.434320836127686, 9.43691773613864e-08
-35.79618453979492, 1.5423964262008667, -2.365910768508911, 13.868020545403253, 5.8193112550952726e-08
-37.40084457397461, 0.8488675355911255, -2.231882095336914, 13.464263975641442, -1.6298142835324823e-09
-38.96099853515625, 0.0480341501533985, -2.195042133331299, 13.654822097287552, -1.877124162774635e-07
-40.49037551879883, -0.7978253960609436, -2.3713481426239014, 14.323643446127956, 9.178620530292393e-08
-41.986061096191406, -1.5851998329162598, -2.588061571121216, 14.308787782158536, 9.35688220238262e-08
-43.48320388793945, -2.292409896850586, -2.8169796466827397, 14.164802999134873, 1.0852818377316e-07
-45.00414276123047, -2.9021413326263428, -3.039043664932251, 13.584222766825192, 1.1717202141880989e-07
-46.528785705566406, -3.397843360900879, 3.049175977706909, 12.680992006958482, -6.488699000328779e-08
-48.02831268310547, -3.779474496841431, 2.9032740592956543, 11.693207455123138, -7.08805600879714e-08
-49.82684326171875, -4.121035575866699, 2.8024914264678955, 10.748075800428737, 8.949427865445613e-10
-51.52692031860352, -4.325788974761963, 2.731941699981689, 10.078735139252425, 1.5048954082885757e-08
-53.1334342956543, -4.392359256744385, 2.6630847454071045, 9.53995287071368, -3.637976378478847e-11
-54.64009475708008, -4.327788352966309, 2.6240053176879883, 9.16436011903828, 2.96495290541543e-08
-56.30067443847656, -4.103341102600098, 2.64507269859314, 8.60919106007488, 1.546140993013978e-08
-57.76895523071289, -3.7747128009796143, 2.6768670082092285, 8.265937240653944, 1.520675141364336e-09
-59.399261474609375, -3.320739269256592, 2.750065326690674, 8.299045252423968, 3.018067218363285e-08
-60.99477005004883, -2.747282028198242, 2.727585554122925, 8.397520806424465, -1.5708792489022017e-08
-62.56808090209961, -2.055107355117798, 2.6430954933166504, 8.510193931276566, 4.365571099063104e-11
-64.06874084472656, -1.1901214122772217, 2.539658069610596, 8.600722072948303, -2.9574948712252084e-08
-65.36187744140625, -0.4147348403930664, 2.602741479873657, 8.73986684927544, -5.97501639276743e-08
-66.71620178222656, 0.3046072423458099, 2.7099359035491943, 8.882311969987809, 7.307971827685833e-08
-68.14215850830078, 0.925325334072113, 2.82974624633789, 9.0222252340225, -1.3969838619232178e-08
-69.65058898925781, 1.4251471757888794, 2.948548555374145, 9.202771649386484, 1.6065312635760165e-08
-71.23407745361328, 1.783752202987671, 3.0639195442199707, 9.387412757658725, -2.5873307052393105e-08
-72.87843322753906, 1.9835214614868164, -3.102003574371338, 9.55402990452616, 7.508788257837297e-08
-74.56314849853516, 2.008587598800659, -2.9807636737823486, 9.6950420252591, 7.712515071034431e-08
-76.26624298095703, 1.8472286462783811, -2.8387444019317627, 9.788672639681517, 4.499452543882399e-08
-77.9454116821289, 1.4678579568862915, -2.632856607437134, 9.67829072922555, 4.1124621930066496e-08
-79.55707550048828, 0.8614032864570618, -2.459701538085937, 9.559240883834295, 3.043533070012927e-08
-81.06214141845703, 0.0460196919739246, -2.317563056945801, 9.470112175895173, -1.848093122980288e-09
-82.43070983886719, -0.9510267972946168, -2.202255249023437, 9.388322783277603, 3.1315721571445465e-08
-83.64351654052734, -2.0998568534851074, -2.1043124198913574, 9.325060724572984, -2.5436747819185257e-08
-84.69073486328125, -3.3751823902130127, -2.008248805999756, 9.265432459414912, -9.028008207678796e-08
-85.56230163574219, -4.754927158355713, -1.9060739278793333, 9.208204906032048, 1.1947122402489185e-07
-86.25238037109375, -6.219796657562256, -1.7913914918899536, 9.173122196251416, 2.9394868761301044e-08
-86.74657440185547, -7.751058578491211, -1.6684744358062744, 9.126543766803737, 1.4944816939532757e-07
-87.0395736694336, -9.326933860778809, -1.5402330160140991, 9.101884367900604, 5.986657924950124e-08
-87.1275405883789, -10.92281436920166, -1.4091898202896118, 9.06244045250493, -2.9191141948103905e-08
-87.0090103149414, -12.50970458984375, -1.2726242542266846, 9.021490077459797, -2.6775524020195007e-09
-86.68579864501953, -14.063663482666016, -1.1354358196258545, 8.994607699758152, 6.164191290736198e-08
-86.16290283203125, -15.548885345458984, -1.0065193176269531, 8.87346914565819, -2.6047928258776665e-08
-85.46131134033203, -16.932836532592773, -0.8808630704879761, 8.752362210153741, 3.271270543336868e-08
-84.59688568115234, -18.196245193481445, -0.7534008026123047, 8.644291746421539, 2.7328496798872948e-08
-83.59291076660156, -19.316818237304688, -0.6280790567398071, 8.466878443159112, -2.9511284083127972e-08
-82.28670501708984, -20.4172420501709, -0.5136808156967163, 8.227366836770388, -1.6996636986732483e-08
-80.8795394897461, -21.37730026245117, -0.570201575756073, 8.60159697616479, 2.9438522730629305e-08
-79.64879608154297, -22.29042625427246, -0.709916889667511, 8.978015188621573, 1.426087581357649e-09
-78.46233367919922, -23.34016990661621, -0.8539910912513733, 9.197007592525, -3.043532714741559e-08
-77.36229705810547, -24.53458023071289, -0.9876994490623474, 9.388797593232606, 2.933302312158048e-08
-76.37522888183594, -25.86845016479492, -1.1142523288726809, 9.550831957376106, 5.969195626676084e-08
-75.5291976928711, -27.328622817993164, -1.2361576557159424, 9.696044514094908, 5.748007070316419e-10
-74.83592987060547, -28.900529861450195, -1.3501698970794678, 9.87379069391752, 2.182786867921393e-10
-74.30950164794922, -30.56585693359375, -1.4610005617141724, 10.003583673089851, 2.8681824915111065e-08
-73.95867919921875, -32.30078887939453, -1.5768836736679075, 10.12819811524554, -1.6007106751203535e-09
-73.79952239990234, -34.086971282958984, -1.6945569515228271, 10.24611073702867, 3.105378709733486e-08
-73.82022857666016, -35.59840774536133, -1.801808834075928, 10.321248294591753, -1.8917487576430862e-09
-73.98709869384766, -37.11379623413086, -1.915739893913269, 10.367111739987998, 6.402842700481415e-10
-74.29975891113281, -38.615020751953125, -2.0282626152038574, 10.388352160558297, -3.1577656045556075e-08
-74.76143646240234, -40.08120727539063, -2.145111560821533, 10.351258736826187, -6.111804395914079e-08
-75.36520385742188, -41.498146057128906, -2.252363443374634, 10.366873866671988, -2.0372679931934807e-10
-76.10882568359375, -42.8475341796875, -2.351830005645752, 10.34496007686631, 1.3096723705530167e-09
-76.9876937866211, -44.11168670654297, -2.4822888374328613, 10.27957912307984, -3.14321368932724e-08
-77.99691009521484, -45.26578140258789, -2.613471269607544, 10.166733358345011, 3.090826794505119e-08
-79.11770629882812, -46.297611236572266, -2.724888324737549, 10.072786127053863, 1.557054929435253e-08
-80.33079528808594, -47.19553756713867, -2.819124460220337, 10.001165642976227, -1.4493707567453384e-08
-81.87962341308594, -48.08904266357422, -2.915089607238769, 9.933223856447784, 3.917375579476357e-08
-83.50175476074219, -48.77617263793945, -3.002970933914185, 9.846539825143182, 2.1711457520723343e-08
-85.17137145996094, -49.26096725463867, -3.077148675918579, 9.780170664067269, 3.7834979593753815e-09
-86.86437225341797, -49.575645446777344, -3.0771400928497314, 9.96534994700082, 7.159542736445701e-09
-88.62190246582031, -49.8115234375, -3.0439109802246094, 10.37700580440934, 7.300059667869618e-09
-90.14112854003906, -49.99489974975586, -3.018818616867065, 10.72887426526956, 2.6226187443967323e-08
-91.70960235595705, -50.18925857543945, -2.995478868484497, 11.074733903044944, -1.4868419384583832e-08
-93.32435607910156, -50.41164016723633, -2.973700046539306, 11.38922230002627, 7.628841558471322e-09
-94.9852523803711, -50.644081115722656, -3.0071358680725098, 11.737702971701257, 7.552444003522396e-09
-96.70216369628906, -50.83760070800781, -3.0885860919952397, 12.071370036666051, -1.8102582544088364e-08
-98.4739761352539, -50.947357177734375, 3.093067407608032, 12.36525207471438, -1.2834790119597985e-08
-100.29436492919922, -50.95327758789063, 2.9924252033233643, 12.6028890280623, -8.571078069508076e-09
-102.15050506591795, -50.837772369384766, 2.889101266860962, 12.802144884429271, -1.525040715932846e-08
-103.65433502197266, -50.64493942260742, 2.8086886405944824, 12.980404092658604, -1.705484464764595e-08
-105.16615295410156, -50.35059356689453, 2.6939144134521484, 13.020702687829717, 1.95796019397676e-08
-106.6627426147461, -49.94544982910156, 2.566286563873291, 12.88582134769903, -2.9380316846072677e-08
-108.13727569580078, -49.4469108581543, 2.534550189971924, 13.000986535082248, -3.064633347094059e-08
-109.60081481933594, -48.889625549316406, 2.6316018104553223, 13.44181507361176, -4.365574290954299e-10
-111.08123779296876, -48.32571029663086, 2.765911340713501, 13.751817078580483, 2.668821252882481e-08
-112.60010528564452, -47.796119689941406, 2.896209478378296, 13.943380130939316, -1.2427335605025291e-08
-114.16495513916016, -47.3258171081543, 3.0186991691589355, 14.050774123862835, 4.8312362999070055e-09
-115.77620697021484, -46.93903350830078, -3.1123623847961426, 13.95888360189009, 9.42964106798172e-09
-117.42251586914062, -46.66099548339844, -2.950186252593994, 13.715970615999147, 2.9191143724460744e-08
-119.09806823730467, -46.49370956420898, -2.868297576904297, 13.712763150580034, 1.478474587202072e-08
-120.79159545898438, -46.42124176025391, -2.882113456726074, 14.098690351566653, -4.0745359863869613e-10
-122.49817657470705, -46.41861343383789, -2.9678611755371094, 14.5639191593031, 1.4551915228366852e-08
-124.21959686279295, -46.42952728271485, -3.105238199234009, 14.911401329779466, 4.972389433532953e-08
-125.96414184570312, -46.40027618408203, 3.0405075550079346, 15.13359146870267, -2.4738255888223652e-09
-127.73509979248048, -46.29917907714844, 2.914261817932129, 15.247301934560229, -6.664776730502808e-09
-129.52146911621094, -46.10838317871094, 2.798586368560791, 15.196291684874938, 1.4551916616145633e-10
-131.29837036132812, -45.81258392333984, 2.648404121398926, 14.818650300799842, -1.8269929569214586e-08
-133.04310607910156, -45.40464782714844, 2.486547946929932, 14.23881746652608, -3.105014911852777e-08
-134.7473907470703, -44.88239669799805, 2.3437273502349854, 13.68428410744298, -3.1417581425330354e-08
-136.39682006835938, -44.25086212158203, 2.250556945800781, 13.26930582111894, 2.182787561810784e-10
-137.97048950195312, -43.55489730834961, 2.2665274143218994, 13.208999491506688, 3.115928848274052e-08
-139.46224975585938, -42.81583786010742, 2.305250883102417, 13.287724866482003, -6.002663366366788e-10
-140.88665771484375, -42.02445602416992, 2.336982250213623, 13.437283497379932, 3.1108356779441244e-08
-142.2565155029297, -41.17769241333008, 2.361034393310547, 13.533452855365042, -6.039043709549219e-10
-143.58290100097656, -40.28197479248047, 2.377985000610352, 13.627807744882531, -2.764863338278189e-10
-144.87728881835938, -39.34316635131836, 2.3898754119873047, 13.700254250926482, -3.03007219315532e-08
-146.14849853515625, -38.37358474731445, 2.416732788085937, 13.750205523254564, -2.9485818231478333e-08
-147.42295837402344, -37.40593338012695, 2.48994779586792, 13.82817939543122, -2.9634975362569094e-08
-148.7106170654297, -36.43617248535156, 2.4754679203033447, 13.932589085217522, -2.8572687327255156e-08
-149.969482421875, -35.425270080566406, 2.3844659328460693, 13.880369864975652, -2.8849173716594123e-08
-151.19996643066406, -34.370113372802734, 2.367609977722168, 14.0298866153735, 5.957554449764758e-08
-152.4407501220703, -33.30268096923828, 2.4168496131896973, 14.143228602202916, 3.1366653274744756e-08
-153.7088165283203, -32.2562141418457, 2.510200023651123, 14.194552818763734, 4.3655745685100555e-10
-155.02423095703125, -31.25633811950684, 2.63720178604126, 14.177622570613206, 2.6804629627008584e-08
-156.39938354492188, -30.325096130371094, 2.794034719467163, 14.01814329480621, 3.0791852623224265e-08
-157.83973693847656, -29.48395729064941, 2.9585797786712646, 13.715354179378506, -3.2421667128801346e-08
-159.33787536621094, -28.749475479125977, 3.1112818717956543, 13.294741386744514, 1.0477378964424132e-08
-160.87965393066406, -28.12857818603516, -3.034757137298584, 12.846430688165016, -8.352799341082573e-09
-162.45111083984375, -27.628807067871094, -2.907836675643921, 12.382893767418873, -3.681634552776813e-09
-164.03695678710938, -27.25317001342773, -2.7925424575805664, 11.93910914383712, 5.893525223399365e-09
-165.6227264404297, -27.003026962280277, -2.692495346069336, 11.574222599164848, -6.147456588223578e-08
-167.1907196044922, -26.879051208496094, -2.6135783195495605, 11.28239698814292, -9.05738488654606e-08
-168.72264099121094, -26.86921501159668, -2.569127321243286, 11.142104743385202, 8.658389560878276e-10
-170.57090759277344, -26.99529838562012, -2.5624711513519287, 11.172397694232885, -2.884826244553551e-08
-172.33641052246094, -27.24912452697754, -2.60504150390625, 11.283739099057396, -2.8339852686798395e-09
-174.00735473632812, -27.610218048095703, -2.6532537937164307, 11.236845421406189, -1.4217221178114414e-08
-175.59716796875, -28.06688499450684, -2.6682302951812744, 11.119558107283224, -1.4806573744863272e-08
-177.11773681640625, -28.62091064453125, -2.6362318992614746, 10.99315986583437, 1.8262655832046446e-09
-178.5709228515625, -29.274118423461918, -2.5832014083862305, 10.830072441239944, 8.910137694329023e-08
-179.96083068847656, -30.009780883789062, -2.574103832244873, 10.866666694848892, -3.92901711165905e-10
-181.37353515625, -30.7627067565918, -2.7218003273010254, 11.160617640388937, -1.7025742593546056e-08
-182.8673095703125, -31.415529251098636, -2.936917781829834, 11.174161459913725, 7.188647455080854e-09
-184.432373046875, -31.92135429382324, 3.1253321170806885, 10.93218317238528, 1.55137968249619e-07
-186.04429626464844, -32.25370788574219, 2.923992872238159, 10.592322338874238, -2.7990608941763643e-08
-187.669921875, -32.39288330078125, 2.748920440673828, 10.21385754760178, -1.7567072063684466e-07
-189.27366638183597, -32.342376708984375, 2.614619493484497, 9.908869622330686, -2.6469935576756143e-08
-190.82241821289065, -32.12215042114258, 2.5246715545654297, 9.696834665503852, 1.178705133497715e-09
-192.29315185546875, -31.753320693969727, 2.469468593597412, 9.57555682354675, -1.4188118457880703e-09
-193.94143676757807, -31.13712310791016, 2.424814462661743, 9.525996751290636, -1.3606040738523004e-09
-195.4608154296875, -30.346576690673828, 2.376330137252808, 9.50374234837098, 3.0318915378302336e-08
-196.85247802734372, -29.39668273925781, 2.306652545928955, 9.49332011661039, -3.077730070799589e-08
-198.114990234375, -28.29718399047852, 2.2149157524108887, 9.507804111610476, -2.88418959826231e-08
-199.2430877685547, -27.069002151489254, 2.1638102531433105, 9.54996540985923, -3.710738660789304e-10
-200.30239868164065, -25.732311248779297, 2.185281991958618, 10.005037786678198, 3.2014213502407074e-10
-201.37591552734372, -24.313013076782227, 2.213071346282959, 10.440656618394788, -2.963497358621225e-08
-202.3040008544922, -23.084434509277344, 2.2345495223999023, 10.78738136180002, 3.036257112398744e-08
-203.271728515625, -21.825288772583008, 2.252033472061157, 11.10063372223112, 2.9685908842225217e-08
-204.27194213867188, -20.539220809936523, 2.2388482093811035, 11.35490756417994, -2.32830615898294e-10
-205.27821350097656, -19.21593475341797, 2.204007387161255, 11.569497954915322, -1.455191106503051e-10
-206.27793884277344, -17.84697151184082, 2.164297342300415, 11.809578805303287, -2.971501089632511e-08
-207.2632751464844, -16.424461364746094, 2.124318838119507, 12.0371460336535, -1.4551909677251726e-10
-208.22218322753903, -14.948782920837402, 2.078456401824951, 12.211883661251417, 2.4738261439338766e-10
-209.1346893310547, -13.412912368774414, 2.0056631565093994, 12.38369440076332, -2.9092916520312432e-08
-209.97900390625, -11.806353569030762, 1.9246928691864011, 12.544813088893337, 6.077607395127417e-08
-210.7401123046875, -10.13094425201416, 1.8448578119277956, 12.676903773496266, -2.964225132018328e-08
-211.4027862548828, -8.388997077941895, 1.7225017547607422, 12.718720663595873, 3.0675437301397324e-08
-211.92996215820312, -6.593306541442871, 1.623137354850769, 12.686992860798656, 1.207808852932146e-09
-212.2877655029297, -5.130232810974121, 1.6726208925247192, 12.891591756057531, 1.4551915228366852e-10
-212.6461181640625, -3.663406372070313, 1.771546721458435, 13.028106048412209, -1.201442501042038e-09
-213.0395050048828, -2.1947450637817383, 1.8791264295578003, 13.173958430762989, -4.729372449219227e-10
-213.49264526367188, -0.7247482538223267, 1.9820083379745483, 13.284151807489398, -6.984918754504577e-10
-214.0196990966797, 0.7379578948020935, 2.0765676498413086, 13.342638099930364, -2.8972863219678402e-08
-214.6246490478516, 2.1855647563934326, 2.160010814666748, 13.384304789134363, 5.9226294979453093e-08
-215.3085784912109, 3.6091582775115967, 2.238697290420532, 13.39750863973535, 5.8440491557121283e-08
-216.07411193847656, 4.998804569244385, 2.31520414352417, 13.402510779563146, 8.149073082996948e-10
-216.9238739013672, 6.34699296951294, 2.390798091888428, 13.429791365827052, -3.215973265469074e-08
-217.8662109375, 7.639947891235352, 2.515613555908203, 13.249579081804178, 1.222360990205118e-09
-218.89854431152344, 8.858149528503418, 2.661458969116211, 12.925060994937104, -2.9016518965363506e-08
-220.00894165039065, 10.001002311706545, 2.714974880218506, 12.869896051286732, -5.238689482212067e-10
-221.16519165039065, 11.071690559387209, 2.6772353649139404, 13.059731390779737, -1.5497789718210697e-08
-222.3520355224609, 12.0958833694458, 2.5985703468322754, 13.36084120045163, -2.946217314558908e-08
-223.56118774414065, 13.10498046875, 2.504462242126465, 13.614481495761789, -3.007880877703428e-08
-224.77305603027344, 14.134628295898438, 2.4085049629211426, 13.7848579117223, -3.0282535590231425e-08
-225.9700469970703, 15.209561347961426, 2.320089101791382, 13.905543624176564, 6.839402932889981e-10
-227.13546752929688, 16.342832565307617, 2.209622383117676, 13.955220857893186, -3.158129402436316e-08
-228.2402191162109, 17.551626205444336, 2.048793077468872, 13.772020746818177, -8.98435175145096e-08
-229.26377868652344, 18.83698844909668, 1.8867377042770384, 13.464697695317, -8.611823432147504e-08
-230.1932373046875, 20.195405960083008, 1.7356446981430054, 13.07592776999944, 2.8056092560291294e-08
-231.0130615234375, 21.617338180541992, 1.5946696996688845, 12.651708646156324, 5.826586857438088e-08
-231.71615600585935, 23.091846466064453, 1.480360984802246, 12.335513096346537, -1.2025702744722366e-07
-232.2953948974609, 24.598785400390625, 1.3722583055496216, 11.910117666896603, 2.06055137397243e-08
-232.7690887451172, 26.10692024230957, 1.376816987991333, 11.981281635683247, 1.7171259969472883e-09
-233.14816284179688, 27.59425163269043, 1.4524188041687012, 12.282744426978546, -1.4842953532934187e-09
-233.44512939453125, 29.065231323242188, 1.5630295276641846, 12.683002621500863, -5.887704901397228e-08
-233.70413208007807, 30.549427032470703, 1.6409060955047607, 12.989629952407066, -8.956340025179088e-08
-233.91395568847656, 32.05115509033203, 1.6035581827163696, 13.045763845752502, 2.8318027034401894e-08
-234.0421142578125, 33.56539535522461, 1.470441460609436, 12.96099251135384, 2.6717316359281543e-08
-234.06907653808597, 35.08864974975586, 1.321281909942627, 12.804517690991654, -3.3469405025243766e-08
-233.99481201171875, 36.6120491027832, 1.2464748620986938, 12.73456864293839, -2.9016518965363506e-08
-233.83663940429688, 38.123043060302734, 1.264798283576965, 12.887351676531098, -3.036075213458389e-08
-233.64254760742188, 39.64117813110352, 1.3785027265548706, 13.244553202423376, -2.9856892069801695e-08
-233.47064208984372, 41.18054962158203, 1.5073143243789673, 13.432140431490808, -1.1891826545706865e-07
-233.35806274414065, 42.74490737915039, 1.640964388847351, 13.50760086985667, -9.094947017729282e-08
-233.33834838867188, 44.32669448852539, 1.8149794340133667, 13.32926765936973, 5.8207660913467414e-08
-233.4304962158203, 45.91252899169922, 1.9867430925369265, 13.02739951751333, 5.8906152844429016e-08
-233.64187622070312, 47.49275207519531, 2.135652780532837, 12.6977096412344, -5.8964360505342484e-08
-233.9749755859375, 49.04731750488281, 2.27388334274292, 12.289321057172565, -2.3283067140944524e-10
-234.42437744140625, 50.56271743774414, 2.394711971282959, 11.93376068904298, 2.9336661100387573e-08
-234.9821929931641, 52.02169418334961, 2.466652631759644, 11.69783684078204, 2.095476014929432e-09
-235.6100006103516, 53.40695190429688, 2.4265036582946777, 11.871795354579154, -8.149074748331485e-10
-236.47134399414065, 55.04322052001953, 2.3275108337402344, 12.311435413112571, -6.105983629822731e-08
-237.40704345703125, 56.63248062133789, 2.209888458251953, 12.723036051032745, -5.129549007776291e-10
-238.3621826171875, 58.24224853515625, 2.069177627563477, 13.029830030617552, -3.417153493501246e-08
-239.07606506347656, 59.58303451538086, 1.9021166563034055, 13.039126572994755, -3.221793676289053e-08
-239.6981506347656, 60.97776794433594, 1.709343671798706, 12.8140633917251, -8.777715265750886e-08
-240.2167205810547, 62.425086975097656, 1.5436519384384155, 12.569710426322594, -1.182488702511364e-07
-240.6280975341797, 63.90774917602539, 1.4643633365631104, 12.411132364271229, -1.0477378964424131e-09
-240.9483642578125, 65.3939208984375, 1.48174786567688, 12.558419240027437, 4.911270279350788e-10
-241.20957946777344, 66.88666534423828, 1.5540807247161863, 12.868429045868677, 2.916203811764717e-08
-241.46041870117188, 68.37928771972656, 1.7107717990875244, 13.018951464740647, -2.8958311304450035e-08
-241.77215576171875, 69.86373138427734, 1.8595744371414185, 13.129708666733038, 6.135087460279466e-08
-242.12808227539065, 71.36021423339844, 1.8694711923599243, 13.291197429940144, -1.8189894035458562e-10
-242.4701690673828, 72.87004089355469, 1.8030349016189573, 13.389217779916969, -3.3833202905952925e-10
-242.7765045166016, 74.40096282958984, 1.7175041437149048, 13.515669291235351, 9.24046561490144e-10
-243.02914428710935, 75.95642852783203, 1.6261773109436035, 13.600378087128467, -7.712514515922918e-10
-243.21566772460935, 77.53611755371094, 1.537211537361145, 13.660538930296036, 2.869637860669627e-08
-243.3253173828125, 79.13626098632812, 1.4536359310150146, 13.701785670064888, 5.855690687894821e-08
-243.3533172607422, 80.75064086914062, 1.3771666288375854, 13.72137846979663, 5.651964229969054e-08
-243.2920837402344, 82.37393951416016, 1.2792689800262451, 13.693146722027706, 3.3294782042503364e-08
-243.12478637695312, 83.99396514892578, 1.1339938640594482, 13.418659661643993, 1.746229605359417e-09
-242.84075927734372, 85.59721374511719, 0.983673632144928, 13.069083112063684, -3.090826794505119e-08
-242.43524169921875, 87.17243957519531, 0.8480734825134277, 12.709326451677558, 3.137392923235893e-08
-241.9136199951172, 88.70287322998047, 0.73573899269104, 12.365887160429924, 3.1257513910532e-08
-241.30706787109372, 90.17059326171876, 0.7392762303352356, 12.353652610704287, 2.357410044950825e-09
-240.64505004882807, 91.56306457519533, 0.791595995426178, 12.505749242765935, -2.9365764930844307e-08
-239.9271240234375, 92.8986587524414, 0.8421992659568787, 12.7513487114364, -8.149072527885436e-10
-239.15365600585935, 94.1989974975586, 0.8824222683906555, 12.940334058507773, 2.9584043659269813e-08
-238.33399963378903, 95.48098754882812, 0.9114567637443542, 13.144114154501064, 5.602486252698212e-10
-237.47760009765625, 96.75897979736328, 0.930334210395813, 13.328350408912785, -3.2559913099028387e-10
-236.5929107666016, 98.04093933105467, 0.941290020942688, 13.518317197570568, -2.9856892069801695e-08
-235.68548583984372, 99.33589935302734, 0.9472547769546508, 13.73860774775004, -2.9962389902493676e-08
-234.7609405517578, 100.64896392822266, 0.963825523853302, 13.945992606122314, -2.9613147489726543e-08
-233.84307861328125, 101.99347686767578, 1.026009440422058, 14.10395545408277, -2.9052900529791262e-08
-232.9615936279297, 103.38272094726562, 1.113110899925232, 14.20492588057475, -2.808519194985592e-09
-232.1287841796875, 104.82404327392578, 1.2025593519210815, 14.302119774120076, -5.5893906392157084e-08
-231.3578643798828, 106.32005310058594, 1.2897474765777588, 14.371849490605928, -2.546585164964199e-08
-230.66009521484372, 107.869384765625, 1.3709253072738647, 14.42888619245204, 1.3533280052158148e-09
-230.0417633056641, 109.46632385253906, 1.4444645643234253, 14.474390437773469, 9.02800891822153e-08
-229.50509643554688, 111.10506439208984, 1.5100337266921997, 14.524187879693606, 3.0471706935486516e-08
-229.0536193847656, 112.77752685546876, 1.5714234113693235, 14.532103695294875, 1.77707988768816e-07
-228.6901397705078, 114.47816467285156, 1.6312652826309204, 14.591510102955318, 5.77711034566164e-08
-228.425048828125, 116.20807647705078, 1.7307158708572388, 14.513325432471769, -8.987263555582103e-08
-228.2770538330078, 117.95018005371094, 1.8784223794937132, 14.119325607848962, -7.566995363639251e-10
-228.25360107421875, 119.69891357421876, 2.023106098175049, 13.705419809423873, -3.207242116332054e-08
-228.35890197753903, 121.44178009033205, 2.1524438858032227, 13.302264450074455, 5.943002179265022e-08
-228.58827209472656, 123.1645278930664, 2.2619075775146484, 12.921124518497573, -1.746229688626144e-10
-228.9341278076172, 124.85252380371094, 2.3694310188293457, 12.516136253096263, -2.904562279582024e-08
-229.3980712890625, 126.49107360839844, 2.4796218872070312, 12.084060914670712, 5.7450964874306016e-08
-229.97772216796875, 128.06631469726562, 2.550925970077514, 11.856112580276498, -2.8172509658475064e-08
-230.62892150878903, 129.56057739257812, 2.495241165161133, 12.21254788638418, -3.16067598760128e-08
-231.3376922607422, 130.97189331054688, 2.408503532409668, 12.69925021992538, 1.4866236597299578e-07
-232.1127166748047, 132.33169555664062, 2.310464382171631, 13.27064779191311, -2.8885553504665044e-08
-232.9419403076172, 133.68763732910156, 2.1476387977600098, 13.906494835694096, 1.5864497981965544e-07
-233.7389678955078, 135.10740661621094, 1.918153524398804, 13.983072323312642, -3.1781382858753204e-08
-234.44161987304688, 136.5905303955078, 1.6934044361114502, 13.641073347014387, -8.37608240544796e-08
-235.0385284423828, 138.13418579101562, 1.5165497064590454, 13.273501836700444, -8.731149137020111e-08
-235.51759338378903, 139.72915649414062, 1.382720112800598, 13.029969586581268, -6.140908226370811e-08
-235.8720550537109, 141.3716583251953, 1.3044428825378418, 13.180685794639542, -2.8201611712574962e-08
-236.1197662353516, 143.05418395996094, 1.3065404891967771, 13.653212864579794, 4.802132580472572e-10
-236.28240966796875, 144.75392150878906, 1.3621854782104492, 14.1270606979569, -8.91595846042037e-08
-236.38624572753903, 146.46017456054688, 1.4447743892669678, 14.547440255703073, 5.7269065933951424e-08
-236.4635009765625, 148.1787567138672, 1.5686485767364502, 14.882263808464838, 1.6298147276216923e-09
-236.5930633544922, 149.90940856933594, 1.770069599151611, 14.946674167366032, 3.277091309428215e-08
-236.8279266357422, 151.6411590576172, 1.9852012395858765, 14.668968059906469, 8.073401858155195e-08
-237.17909240722656, 153.37144470214844, 2.142225503921509, 14.424925389365498, -1.511070877313614e-07
-237.6365509033203, 155.0894317626953, 2.174199104309082, 14.570778319551334, 5.8702429583945566e-08
-238.1674346923828, 156.7902069091797, 2.1233115196228027, 14.944723811685476, 3.018067218363285e-08
-238.7464599609375, 158.47584533691406, 2.0487723350524902, 15.23827992053162, -5.929905455559491e-10
-239.3473358154297, 160.15902709960938, 1.9592405557632449, 15.379865121603778, -2.9613147489726543e-08
-239.9297637939453, 161.8434600830078, 1.8493437767028809, 15.31530317615125, 5.822221638140945e-08
-240.440673828125, 163.54409790039062, 1.6735351085662842, 15.091154309968465, -6.80447556078434e-08
-240.8513336181641, 165.26844787597656, 1.48488450050354, 14.660487928645788, -5.7800207287073135e-08
-241.1498107910156, 167.01515197753906, 1.3210018873214722, 14.129778868353725, 3.6845449358224875e-08
-241.3304748535156, 168.76878356933594, 1.1711901426315308, 13.510239737350528, -6.920890882611276e-08
-241.38673400878903, 170.513916015625, 1.0357799530029297, 12.910263763990317, -3.544846549630165e-08
-241.31314086914065, 172.233154296875, 0.9164707660675048, 12.344733996704097, 5.820766091346741e-10
-241.1153564453125, 173.90777587890625, 0.8040503859519958, 11.761981986671804, 3.376044555025714e-09
-240.80615234375, 175.5282745361328, 0.706601619720459, 11.267679957323274, -2.398155451999173e-08
-240.39712524414065, 177.08216857910156, 0.6365476250648499, 10.911403918980666, 3.608875642768794e-09
-239.90512084960935, 178.55926513671875, 0.6091620922088623, 10.81007837896415, -2.9103833232291265e-10
-239.20362854003903, 180.2849578857422, 0.6391927003860474, 10.906095648701005, -3.096647560596466e-08
-238.4350433349609, 181.87109375, 0.7087931632995605, 10.984008559645185, 2.0372681319713593e-09
-237.61053466796875, 183.32456970214844, 0.7752304673194885, 10.914377934057692, -2.532033249735832e-09
-236.73208618164065, 184.66197204589844, 0.803443431854248, 10.736772800545602, 6.024492904543878e-08
-235.7921295166016, 185.9060821533203, 0.7778761982917786, 10.615037877672128, -5.7800210839786814e-08
-234.77476501464844, 187.0655670166016, 0.7058538198471069, 10.554391018788188, 8.440110832452774e-09
-233.67279052734372, 188.1344146728516, 0.619815468788147, 10.48643935079513, 3.2654497772455215e-08
-232.49899291992188, 189.1184844970703, 0.5949271321296692, 10.62897705208554, -7.421476766467093e-10
-231.28289794921875, 190.11447143554688, 0.7272651195526123, 10.983776209485354, 3.026434569619596e-08
-230.1099090576172, 191.21270751953125, 0.8953508734703064, 11.109024673474398, 5.864421837031841e-08
-229.0135955810547, 192.41897583007807, 1.042774319648743, 11.162759306008407, -3.2014210726849507e-10
-228.01611328125, 193.73016357421875, 1.1699191331863403, 11.165567654400286, -2.561136858147961e-09
-227.1339111328125, 195.1365966796875, 1.2812187671661377, 11.216897966612668, 9.176438453550873e-08
-226.3761444091797, 196.62893676757807, 1.3777931928634644, 11.278732096352863, 8.923234418034555e-08
-225.75015258789065, 198.19314575195312, 1.4631634950637815, 11.336952579699432, -1.1932569377037794e-09
-225.25927734375, 199.81201171875, 1.544322848320007, 11.396720894788196, -2.910385821230932e-11
-224.9072265625, 201.47381591796875, 1.625155687332153, 11.474706610077511, 8.742790669202806e-08
-224.6982269287109, 203.1720733642578, 1.7044280767440796, 11.574151950326032, 2.916203811764717e-08
-224.63478088378903, 204.89324951171875, 1.78425133228302, 11.65912942951948, 9.057112748678264e-08
-224.7159881591797, 206.62481689453125, 1.8665523529052732, 11.747919010543914, -3.105378709733486e-08
-224.9430084228516, 208.3589324951172, 1.9559708833694456, 11.84726136282545, 1.7462299661819003e-10
-225.32452392578125, 210.0790252685547, 2.0750608444213867, 11.830746403035125, -3.14321368932724e-08
-225.86331176757807, 211.7644805908203, 2.191805124282837, 11.806855092605666, 8.149073638108462e-10
-226.5562438964844, 213.39828491210935, 2.294389247894287, 11.763475581929116, 3.253808245062828e-08
-227.39181518554688, 214.95965576171875, 2.388849258422852, 11.722653826489838, -8.812639862298965e-08
-228.36279296875, 216.4358673095703, 2.4753313064575195, 11.707577004187335, -3.4924593772522883e-10
-229.45947265625, 217.81057739257807, 2.557157278060913, 11.66964599448221, 3.009336069226265e-08
-230.6689453125, 219.0769195556641, 2.6372053623199463, 11.664706002823872, -5.977926775813104e-08
-231.9825134277344, 220.23146057128903, 2.710395336151123, 11.69566548898061, -1.8163702009132979e-07
-233.3921661376953, 221.26739501953125, 2.8050520420074463, 11.708644720749852, 1.6123522073030472e-08
-234.8971710205078, 222.16647338867188, 2.950255870819092, 11.576651734612382, 8.9290551841259e-08
-236.4890899658203, 222.9127655029297, 3.0853793621063232, 11.480845886242433, -4.158937372267246e-08
-238.1459808349609, 223.4937286376953, -3.082096099853516, 11.35904975268394, 6.577466127311027e-09
-239.84146118164065, 223.9055633544922, -2.981740951538086, 11.259543668778402, 6.353366188704967e-08
-241.54449462890625, 224.16009521484372, -2.972440481185913, 11.308511248657084, -3.128661774098873e-08
-243.2391662597656, 224.29156494140625, -3.06936264038086, 11.725243085587248, 1.8822902347892523e-08
-244.9805450439453, 224.40249633789065, 3.044410467147827, 12.188803306353051, -5.596666596829891e-08
-246.7534027099609, 224.6094665527344, 2.8345751762390137, 12.266088194060426, -5.178299389285713e-08
-248.5188140869141, 224.98196411132807, 2.6033473014831543, 12.03204022761159, -5.846959538757802e-08
-250.26388549804688, 225.5321044921875, 2.45928955078125, 12.000617181876772, 5.966285243630408e-10
-251.9705047607422, 226.2243804931641, 2.396500587463379, 12.00359893381636, 2.8296200937916186e-08
-253.60494995117188, 227.02691650390625, 2.361762523651123, 11.923375137624014, 2.8012439590163746e-10
-255.150634765625, 227.9170684814453, 2.3448269367218018, 11.818225675468875, -3.092281986027956e-08
-256.61083984375, 228.87998962402344, 2.3363261222839355, 11.742842597058392, -3.0995579436421394e-08
-257.9953918457031, 229.9046630859375, 2.333026170730591, 11.665967931471348, 1.3387760899874481e-09
-259.3130187988281, 230.97889709472656, 2.3318796157836914, 11.600220290136628, -2.9103830456733704e-08
-260.5794982910156, 232.09083557128903, 2.3327741622924805, 11.55325063876473, 2.9293005354702476e-08
-261.80682373046875, 233.22837829589844, 2.334575653076172, 11.48636205303224, -2.9169314075261358e-08
-263.0026550292969, 234.38040161132807, 2.3363037109375, 11.402323801576603, -2.97368405455245e-08
-264.1763610839844, 235.5400848388672, 2.3382601737976074, 11.34238187472902, 1.891749257243447e-10
-265.333740234375, 236.70291137695312, 2.340590000152588, 11.28582250945279, 1.6734701124843101e-10
-266.4813537597656, 237.86517333984372, 2.3433096408843994, 11.237220529608928, 5.983019946143031e-08
-267.6207580566406, 239.02317810058597, 2.34576678276062, 11.168257393409272, -2.122142177540809e-07
-268.7523193359375, 240.17483520507807, 2.348286390304565, 11.10621378759514, -6.013578968122603e-08
-269.8787536621094, 241.31985473632807, 2.3508803844451904, 11.052486849405367, 2.9405327950371433e-08
-271.0001525878906, 242.45681762695312, 2.3536598682403564, 10.986256943946207, -6.001573638059199e-08
-272.1181945800781, 243.5845184326172, 2.356508731842041, 10.926496811724776, -1.5643308870494366e-10
-273.2335510253906, 244.70396423339844, 2.3589107990264893, 10.872130694072956, -5.951733328402042e-08
-274.3468933105469, 245.8135986328125, 2.361537456512451, 10.808145684459031, 2.972956281155348e-08
-275.457275390625, 246.91368103027344, 2.364323854446411, 10.744836388278229, 4.4383335895403775e-10
-276.56353759765625, 248.00387573242188, 2.366769790649414, 10.701182052578185, 2.4294422473758462e-08
-277.6684265136719, 249.08628845214844, 2.3693363666534424, 10.634688617623125, 8.911956683732569e-08
-278.7692565917969, 250.15879821777344, 2.371917724609375, 10.568730125825978, -1.5555269783362746e-07
-279.8666687011719, 251.22332763671875, 2.374608993530273, 10.516286838439235, -1.8553696079504078e-10
-280.9598388671875, 252.27867126464844, 2.377310276031494, 10.439133231215155, 2.9678632884611037e-08
-282.04840087890625, 253.3254547119141, 2.3795149326324463, 10.404148048367247, 5.9466405133434825e-08
-283.1346130371094, 254.36558532714844, 2.381909132003784, 10.348796602053664, 5.973561201244594e-08
-284.43212890625, 255.6031646728516, 2.38502836227417, 10.273705402994365, 2.9675222279479385e-08
-285.7239685058594, 256.82916259765625, 2.38801646232605, 10.204598106543232, -3.013019522768445e-08
-287.0108642578125, 258.0426025390625, 2.390974998474121, 10.143819184183291, -1.1993142834398898e-07
-288.2956237792969, 259.2444152832031, 2.3936607837677, 10.077870912287503, 2.9778675525449216e-08
-289.5753479003906, 260.43536376953125, 2.396299362182617, 10.019215350024574, 2.966316969832405e-08
-290.8499450683594, 261.6138916015625, 2.399115562438965, 9.936318421230348, 9.158248559515415e-08
-292.1190490722656, 262.7816162109375, 2.4020655155181885, 9.896528261264631, -1.4611761400828982e-07
-293.38482666015625, 263.9395446777344, 2.404785394668579, 9.843089299028248, 3.0032424547243863e-08
-294.6223449707031, 265.0646667480469, 2.4076898097991943, 9.313087298344948, -2.970659984669055e-08
-295.8166198730469, 266.1459045410156, 2.4105892181396484, 9.1706636511352, 9.390532795805484e-11
-296.9532470703125, 267.1685485839844, 2.413498878479004, 8.461803058360267, 3.007789928233251e-08
-298.1813049316406, 268.26983642578125, 2.416853904724121, 7.714785691928174, -8.976167720220475e-08
-299.4455261230469, 269.396728515625, 2.420628547668457, 6.871018920816619, 6.064146873541176e-08
-300.576416015625, 270.39581298828125, 2.424147129058838, 5.95767937547355, -2.9976945370435715e-08
-301.7291564941406, 271.4042053222656, 2.4281158447265625, 4.638120184507316, -3.0304363463073976e-08
-302.8773498535156, 272.3984680175781, 2.431782960891724, 2.9479455044452063, -1.1823431123048067e-10
