x,y,th,vel,w,v_cmd,w_cmd
741278.7962914696,3391502.5216332884,-2.8549478370329675,0.008981897172643348,-0.0017666080715351522,-0.0,-0.0
741278.7961256837,3391502.5218332065,-2.85494171176246,0.007828680103007803,-0.002295720889544231,-0.0,-0.0
741278.7959309409,3391502.522092617,-2.854917743312649,0.005301259986708544,-0.0012365344972837945,-0.0,-0.0
741278.8002928111,3391502.5101258876,-2.854906424878017,0.0033065266171986843,-0.001234987813031004,-0.0,-0.0
741278.8000606174,3391502.510237683,-2.8548833885345877,0.007610203488606898,-0.0007033908975315732,-0.0,-0.0
741278.7999297042,3391502.5103031606,-2.85485715639785,0.004694813181201687,-0.0007023730403567287,-0.0,-0.0
741278.799833752,3391502.510424968,-2.854847036385708,0.005489412589406702,-0.00017326148529050252,-0.0,-0.0
741278.8042821463,3391502.503267766,-2.8548319895255494,0.0034255164373299075,-0.0012132845780467932,-0.0,-0.0
741278.8040243532,3391502.5031923163,-2.8547783268295834,0.005904313303282046,-0.0012355114435337216,-0.0,-0.0
741278.7969624668,3391502.5026270747,-2.8547519615347925,0.003614622745856463,-0.0012302519899379835,-0.0,-0.0
741278.7966428839,3391502.5026992657,-2.854746368896503,0.003478911264922834,-0.0017340900265302914,-0.0,-0.0
741278.7963425133,3391502.5027732523,-2.8547399773098867,0.007534727641179227,-0.001765612327752151,-0.0,-0.0
741278.7960945576,3391502.5027895896,-2.8547339851974343,0.007960510829961975,-0.00176656446289419,-0.0,-0.0
741278.8031513116,3391502.4981314526,-2.8547363820424145,0.0031752975627177896,-0.0017581944485598724,-0.0,-0.0
741278.8030840035,3391502.4982125233,-2.8547246641336184,0.003266390400733692,-0.0017663803861906397,-0.0,-0.0
741278.8028736283,3391502.4981771847,-2.854710948854005,0.006905473440139363,-0.0007044621827535862,-0.0,-0.0
741278.8027911376,3391502.498252975,-2.854702027264353,0.007771841539828716,-0.0007023710750947078,-0.0,-0.0
741278.802611602,3391502.498357708,-2.8546940377810834,0.005180860391165282,-0.0007043644453767852,-0.0,-0.0
741278.8007752957,3391502.495143344,-2.854646100881462,0.003206533189181116,-0.002295834654655417,-0.0,-0.0
741278.8006306879,3391502.495211971,-2.854641706665662,0.006648094733020029,-0.0012365700668380086,-0.0,-0.0
741278.8002054102,3391502.495303301,-2.8546217329574866,0.007502157617658856,-0.0007033693768091417,-0.0,-0.0
741278.8050279799,3391502.4969800655,-2.8546124118936724,0.0033330658631497354,-0.001754812143165574,-0.0,-0.0
741278.8049571039,3391502.497011539,-2.8546026913556926,0.008551050644050843,-0.0017656103994163094,-0.0,-0.0
741278.8044658073,3391502.497410551,-2.8545724644773207,0.003514357726586521,-0.0017466011799120165,-0.0,-0.0
741278.8042206251,3391502.497583534,-2.8545634097296144,0.004930758194448158,-0.0001733709080160577,-0.0,-0.0
741278.811866534,3391502.493041971,-2.854540639702294,0.0034424620487622723,-0.0012233064936347108,-0.0,-0.0
741278.8117593934,3391502.4931159504,-2.85452985389988,0.0035479249386199023,-0.0006993899790258166,-0.0,-0.0
741278.8116043807,3391502.493272072,-2.8545168044105385,0.009605580283354688,-0.0017645301228439688,-0.0,-0.0
741278.8114172037,3391502.493463624,-2.854488974377147,0.004925638784672263,-0.0017655724016402527,-0.0,-0.0
741278.8186032276,3391502.493784161,-2.8544799196294406,0.0036311574680498197,-0.0012255814287253797,-0.0,-0.0
741278.8185897226,3391502.493888998,-2.8544819170002587,0.003493526545558837,-0.0007009554282448513,-0.0,-0.0
741278.8185909757,3391502.4942080877,-2.854480851735822,0.009564438048387006,-0.0012334583310869387,-0.0,-0.0
741278.8185936969,3391502.4944026936,-2.8544624759243007,0.007324630358211302,-0.001766610677708554,-0.0,-0.0
741278.8234606001,3391502.4892561706,-2.8544433011644514,0.005545123080758741,-0.001235512061265843,-0.0,-0.0
741278.8234362516,3391502.489484973,-2.854434645890909,0.01042398221609343,-0.001235485681856693,-0.0,-0.0
741278.8235264004,3391502.4896314964,-2.8544231942982217,0.00742825132480831,-0.0012334637686520597,-0.0,-0.0
741278.8235820042,3391502.4900185433,-2.8544106774410984,0.004334006273664099,-0.0017655634483653873,-0.0,-0.0
741278.8333140186,3391502.4814569573,-2.8544032205900463,0.004990892328745737,-0.0017675751224237282,-0.0,-0.0
741278.8336580154,3391502.481572959,-2.854399225848411,0.008799986081630294,-0.0022967059747055728,0.08494653552770615,-0.0
741278.8339181483,3391502.4817109923,-2.8543551505323705,0.006582363437270079,-0.001234466179259241,0.1877763569355011,-0.0
741278.8332447823,3391502.476492052,-2.854350623158517,0.004511369459681578,-0.0012355053136844422,0.2324850708246231,-0.0
741278.8334460047,3391502.476395227,-2.855398044415246,0.0026639497997691178,-0.001763759578915991,0.2324850708246231,-0.0
741278.8369636018,3391502.4719097125,-2.8720904718117524,0.0029287645970365083,-0.20173417514898156,0.25036853551864624,-0.0
741278.8409480987,3391502.478938434,-2.88533916560268,0.02007207619051512,-0.12109635375666455,0.25036853551864624,-0.0
741278.8340419191,3391502.4791142773,-2.884178559999622,0.025322309506756104,-0.09406877755118874,0.25036853551864624,-0.0
741278.8260514169,3391502.4779216642,-2.8846012036646185,0.05499792834357443,-0.049164168284818704,0.2637811601161957,-0.0
741278.8166847874,3391502.472542917,-2.8914592429457358,0.04947687137004943,-0.04698791667643095,0.28166463971138,-0.0
741278.8070560333,3391502.467334046,-2.8950009808794324,0.06347801051168062,-0.04243371652071927,0.29507726430892944,-0.0
741278.8031606459,3391502.4652516786,-2.897065063882298,0.06500678587454442,-0.03636579351372379,0.3040190041065216,-0.0
741278.7996457542,3391502.464031541,-2.8974437653893075,0.0821235286081361,-0.028368131102605137,0.29507726430892944,-0.0
741278.8099395139,3391502.458541547,-2.8994161024926193,0.10657347527864483,-0.028643559592505658,0.3531985580921173,-0.10282982140779495
741278.8008709777,3391502.455977682,-2.9005173196033684,0.1274303204508826,-0.018265936685912653,0.3979072570800781,-0.29954811930656433
741278.7955519849,3391502.4547569505,-2.900894556371778,0.14057835929237922,-0.009753339747077223,0.4470868408679962,-0.38896551728248596
741278.7854362478,3391502.4472439643,-2.9025924547247577,0.1431121888873826,-0.015061376845603509,0.4694412052631378,-0.420261412858963
741278.7737159048,3391502.443447649,-2.9069865373653343,0.1590540977425392,-0.06935808936736662,0.5722709894180298,-0.4649701416492462
741278.7600210735,3391502.4358513276,-2.917929865758633,0.19510348968274632,-0.12946306911785616,0.6214506030082703,-0.4739118814468384
741278.7499883409,3391502.4304959904,-2.9245261163045955,0.21013087303250838,-0.13427640554839226,0.6616884469985962,-0.4515577256679535
741278.738770074,3391502.4267336987,-2.929130455513233,0.2022597461709998,-0.12211844108695938,0.6616884469985962,-0.44261595606803894
741278.7082373332,3391502.4173180745,-2.937502501874061,0.2526281827242745,-0.09385599884323272,0.7466349601745605,-0.41131967306137085
741278.6763634601,3391502.3907792806,-2.9455154209618915,0.25692783090928806,-0.06775518502489482,0.8092271685600281,-0.3755527138710022
741278.6554643364,3391502.3847785112,-2.947760998393047,0.25722243268832695,-0.06594183717532787,0.8405232429504395,-0.32190266251564026
741278.6352193346,3391502.3778103176,-2.9518128648335473,0.29230235833960166,-0.0677451489572019,0.8494649529457092,-0.32190266251564026
741278.5894286463,3391502.364636102,-2.9574007094327515,0.327002490962921,-0.06829639204572795,0.8718193173408508,-0.3129609227180481
741278.543749306,3391502.3511407897,-2.9601428332491517,0.373504778398885,-0.04041702123630992,0.9120569825172424,-0.32190266251564026
741278.5168574612,3391502.3448500913,-2.960251357063573,0.41599788110264324,-0.01880929729130365,1.0551248788833618,-0.3755527138710022
741278.4878099933,3391502.338663241,-2.9607937098195674,0.4300216668850345,-0.009766898609154097,1.0640665292739868,-0.38896551728248596
741278.4523068335,3391502.321801359,-2.9619915996778854,0.4927786922287121,-0.02090924077860764,1.0551248788833618,-0.4649701416492462
741278.398461831,3391502.3067068486,-2.968517409613015,0.5768555845909429,-0.07517001248629883,1.0774791240692139,-0.5722709894180298
741278.3685381128,3391502.2988985097,-2.9718970941943796,0.5922380026929577,-0.09484947802819838,1.095362663269043,-0.6303925514221191
741278.3172807385,3391502.283398598,-2.974324432369933,0.640859642690176,-0.10125918792405895,1.095362663269043,-0.6303925514221191
741278.2812260143,3391502.270844045,-2.9798427684646853,0.6819268405802444,-0.14227688039245298,1.095362663269043,-0.6303925514221191
741278.2441873711,3391502.2565483027,-2.98985612100533,0.723760921449911,-0.13587454635111018,1.095362663269043,-0.6393342614173889
741278.147145711,3391502.225876917,-3.004432134283551,0.7788572697678442,-0.1443643932827746,1.1177170276641846,-0.6393342614173889
741278.1101654447,3391502.21629072,-3.011521735421452,0.7972949069607677,-0.14490241663018288,1.1177170276641846,-0.616979718208313
741278.0714911832,3391502.207401469,-3.0181097301680353,0.8255657900698374,-0.14828133296375745,1.1177170276641846,-0.6303925514221191
741278.033823317,3391502.1998056155,-3.023818215964619,0.8307550376393642,-0.14171324312354336,1.1266587972640991,-0.6303925514221191
741277.9999508786,3391502.1928894185,-3.0308373764916867,0.8602925091818701,-0.1438364926813442,1.1356004476547241,-0.616979718208313
741277.9672118318,3391502.194748308,-3.0387070175128716,0.9298331682540273,-0.14915260011918596,1.1356004476547241,-0.616979718208313
741277.9316362699,3391502.187561527,-3.0440770155349064,0.9627534929795358,-0.14674358344866176,1.1356004476547241,-0.6080380082130432
741277.8924975451,3391502.1789086172,-3.0525728988864227,0.9876718867553685,-0.14172777679259063,1.1356004476547241,-0.616979718208313
741277.8515997303,3391502.171046943,-3.0593086990735063,1.0236421484101625,-0.13799596033378528,1.1490130424499512,-0.616979718208313
741277.8455902196,3391502.1773979263,-3.063411964523045,1.0271803733393043,-0.13851603699044449,1.1579548120498657,-0.616979718208313
741277.7724635748,3391502.164164994,-3.0738944328897064,1.0373303746106215,-0.13431640194353792,1.1803091764450073,-0.6303925514221191
741277.7348674155,3391502.1580123287,-3.0784790647062774,1.068499113215526,-0.1315890845797877,1.2384305000305176,-0.6393342614173889
741277.6162770542,3391502.1451500542,-3.088822382905981,1.0614916433474417,-0.1517091065038543,1.2384305000305176,-0.6303925514221191
741277.5738088036,3391502.134788534,-3.0963066645174315,1.0949411688881125,-0.19542842001352162,1.2384305000305176,-0.616979718208313
741277.5311454779,3391502.123919925,-3.107836420982766,1.084960133955959,-0.21616892804251098,1.2384305000305176,-0.616979718208313
741277.4384183991,3391502.107224582,-3.1208001565370544,1.1090035977238002,-0.19069885149396373,1.2697263956069946,-0.616979718208313
741277.3784761041,3391502.0888674264,-3.1275468756846063,1.0991719196296106,-0.1598439461284009,1.2831389904022217,-0.6080380082130432
741277.3318624647,3391502.0821906,-3.1328845162993977,1.1093634032724558,-0.1465566541704772,1.2920807600021362,-0.6080380082130432
741277.2846208593,3391502.0751065454,-3.13692666220192,1.1146684406945735,-0.1475656028377306,1.2920807600021362,-0.56332927942276
741277.232257717,3391502.0678795045,3.139358927225489,1.1196022686457536,-0.15040447169273521,1.3010225296020508,-0.5722709894180298
741277.1054545774,3391502.063839416,3.1244815772699255,1.1261204619592822,-0.18640426086640083,1.3323185443878174,-0.5409750938415527
741277.0046175099,3391502.053169951,3.105093631376093,1.1245567513046375,-0.20133034846671058,1.341260313987732,-0.5186205506324768
741276.9599909503,3391502.052361161,3.1013464305642975,1.138363982960494,-0.1671334350277841,1.3636146783828735,-0.509678840637207
741276.9105337646,3391502.0529218977,3.099028281993438,1.1359179871096832,-0.14013997974340342,1.372556447982788,-0.509678840637207
741276.6977111681,3391502.037692789,3.0786345933139385,1.194540765291616,-0.15606264739653972,1.560333013534546,-0.509678840637207
741276.5872762825,3391502.0333933984,3.063527146240191,1.194131613673932,-0.17207169811624837,1.569274663925171,-0.48732468485832214
741276.527515488,3391502.0401582187,3.0592138905386985,1.2098552085146859,-0.16089152329011414,1.569274663925171,-0.4649701416492462
741276.4734909048,3391502.037582954,3.053787167185444,1.2294864797002474,-0.15549610293354013,1.569274663925171,-0.44261595606803894
741276.3657419279,3391502.0300420304,3.043122671758277,1.2825511148602886,-0.147052469469959,1.569274663925171,-0.4649701416492462
741276.2804028533,3391502.0372097935,3.027427331873895,1.2968785717540632,-0.14970156156046235,1.5916290283203125,-0.44261595606803894
741276.2243112063,3391502.039710658,3.022681711969428,1.3140859884777634,-0.11833477592190719,1.5916290283203125,-0.420261412858963
741276.1705569602,3391502.043427482,3.021864787305046,1.3506612980321773,-0.12255457128382115,1.5916290283203125,-0.3979072570800781
741276.0521833764,3391502.0451672263,3.013601131600585,1.4230139078341593,-0.18745741792236564,1.6095125675201416,-0.3308444023132324
741275.8757128596,3391502.0260210685,2.989527753242923,1.4724930924337172,-0.22306722450652972,1.631866693496704,-0.0
741275.7348209433,3391502.0291142412,2.9689274032628328,1.46333838933847,-0.22369759351492682,1.7570511102676392,-0.0
741275.679447797,3391502.0353619712,2.967920861528837,1.482850429456604,-0.22495161248957316,1.7749345302581787,-0.0
741275.5590292627,3391502.0338067506,2.968601432345407,1.4887175105816766,0.027897640472352048,1.7659927606582642,-0.0
741275.4415305011,3391502.0573270847,2.9724221364032886,1.582297853823508,-0.017169445459166297,1.7659927606582642,-0.0
741275.3829318935,3391502.0668577235,2.9716876365746456,1.6020076438980375,-0.06449268835776276,1.7749345302581787,-0.0
741275.3549029573,3391502.075302545,2.9674285762013364,1.6179301376454676,-0.07665242227350931,1.7883471250534058,-0.0
741275.2174330971,3391502.0906811743,2.9612224787550705,1.6347098243838643,-0.10514787383565637,1.7972888946533203,-0.0
741275.1072047227,3391502.081776689,2.9469675095462575,1.6488876893764335,-0.1119170255942934,1.7972888946533203,-0.0
741275.0507319109,3391502.082415904,2.944912481291098,1.6690365262906504,-0.09545116313616471,1.8151724338531494,0.17436394095420837
741274.9953944064,3391502.083200531,2.9478462195479294,1.692889973131581,-0.017307762337800896,1.8151724338531494,0.18330548703670502
741274.8550011382,3391502.0967350206,2.9475219796852112,1.72768338443561,0.0035250075437693647,1.8151724338531494,0.3531985580921173
741274.6623409848,3391502.1137861004,2.946650992850701,1.795457068293463,0.04983368142260241,1.8151724338531494,0.41131988167762756
741274.5934144169,3391502.1333740414,2.9495156220772447,1.7662815120894042,0.030208738571892844,1.8151724338531494,0.49179553985595703
741274.5211136925,3391502.1560763926,2.9546326197957233,1.7682304108626519,0.06572272134635129,1.8151724338531494,0.49179553985595703
741274.441389612,3391502.1811180385,2.9623736301362573,1.7551536293359289,0.14289128610020038,1.8151724338531494,0.5230916142463684
741274.3338765653,3391502.198428316,2.972536119697944,1.7490578999445374,0.11052610875841029,1.8151724338531494,0.5230916142463684
741274.191141047,3391502.2074828953,2.964733457178176,1.7389574387858662,0.004464749923602081,1.8285850286483765,0.5141499042510986
741274.1307466554,3391502.208388616,2.9612116929526557,1.7392930437711867,-0.015603316737838307,1.8285850286483765,0.5365042686462402
741274.0725028533,3391502.2124599256,2.9653554384507643,1.7479337160554036,0.008246858691259077,1.8151724338531494,0.5454457998275757
741273.9717456447,3391502.232769674,2.9719325142368778,1.7411613485769366,0.11683709124655521,1.8285850286483765,0.5230916142463684
741273.9080973848,3391502.241567555,2.977951524616566,1.7691965815167494,0.15088346592316768,1.837526798248291,0.5365042686462402
741273.7609875506,3391502.274886598,3.001500393397537,1.7914558661522484,0.24923557573489505,1.837526798248291,0.5230916142463684
741273.682618466,3391502.292467894,3.013020828799057,1.8027504254852365,0.2140933225286893,1.837526798248291,0.5007373094558716
741273.6590285024,3391502.295582836,3.0110832459479697,1.7985690039318984,0.0951508332587111,1.837526798248291,0.49179553985595703
741273.5456167262,3391502.319350101,3.0126844715533796,1.805204869649182,0.0706492642300651,1.837526798248291,0.4694412052631378
741273.4867384005,3391502.3330962528,3.0217717098249484,1.8116040712104005,-0.0070465881468430875,1.837526798248291,0.4560285806655884
741273.2901814934,3391502.3248009775,3.0115530275642595,1.8468795202997663,-0.026809326014881323,1.846468448638916,0.4247324764728546
741273.2050752079,3391502.3244136344,3.0082969136574746,1.8817485937434995,0.050332195635072054,1.846468448638916,0.32190248370170593
741273.1251278623,3391502.32994316,3.0129479913432426,1.8812184699236052,0.1551479397526932,1.846468448638916,0.2637811601161957
741273.0573935237,3391502.339417755,3.02355629407141,1.8850907883571169,0.1966495460046762,1.846468448638916,0.13859698176383972
741272.9970730742,3391502.350026211,3.03423237424932,1.8798501947707078,0.20138576739306852,1.846468448638916,0.12965524196624756
741272.8274311237,3391502.347947313,3.0474365932500422,1.8551047149055624,0.08505237489837675,1.859881043434143,0.11624263226985931
741272.75955967,3391502.3534442806,3.0431638175971187,1.882948506971392,-0.066601382142045,1.8688228130340576,0.10730088502168655
741272.6555295472,3391502.3565641134,3.0328954673821,1.8835163678644427,-0.11239555973282467,1.8688228130340576,0.09388827532529831
741272.6016239168,3391502.382444108,3.026639968297612,1.8809320927511661,-0.09383677324742581,1.8688228130340576,0.10730088502168655
741272.5700627764,3391502.3857982964,3.028324018212925,1.8825095454288334,-0.032217458151962045,1.8688228130340576,0.09388827532529831
741272.4767803266,3391502.3959337063,3.0355712784873568,1.870989978099671,0.09078519161133661,1.8911771774291992,0.10730088502168655
741272.3519954467,3391502.4122612295,3.043959037498616,1.8670887168184278,0.10195114903713638,1.8777645826339722,0.10730088502168655
741272.2909196615,3391502.4193333327,3.048113835115249,1.8687294531380318,0.07277451362106307,1.8911771774291992,0.10730088502168655
741272.2283083082,3391502.422872978,3.049491621505201,1.8887677817045245,0.013244881003794028,1.8911771774291992,0.10730088502168655
741272.1608146307,3391502.4229860757,3.045622581073534,1.8977796518557666,-0.017668394249852427,1.8911771774291992,0.09388827532529831
741272.0042867826,3391502.4164279024,3.0334284990742795,1.8901971204032377,-0.1033187087655121,1.8911771774291992,0.12965524196624756
741271.8714629422,3391502.4467122476,3.0227861078841594,1.924896221154706,0.01727827348410911,1.8911771774291992,0.16095133125782013
741271.8001651088,3391502.4530431703,3.0277594280618274,1.8919650074606222,0.0492522985565932,2.025303363800049,0.17436394095420837
741271.7289325572,3391502.4630606435,3.0338326337696984,1.8741892057103,0.07836409813634537,2.025303363800049,0.17436394095420837
741271.5304167796,3391502.4704936426,3.043737861970085,1.867531608505419,0.10470097460405048,2.025303363800049,0.17436394095420837
741271.3830492375,3391502.4952009777,3.0461307122095214,1.853630965394225,0.011627963509733559,2.025303363800049,0.17436394095420837
741271.3108996053,3391502.5062140445,3.0500740548356013,1.840582141310471,0.0004361023231782013,2.025303363800049,0.17436394095420837
741271.232803384,3391502.5141545003,3.053418452532523,1.8479057150365565,-0.03511495767375128,2.034245014190674,0.18330548703670502
741270.9514425825,3391502.525328593,3.039910366851423,1.898847305251476,-0.02255109058345983,2.043186664581299,0.18330548703670502
741270.7800541573,3391502.5279561826,3.0516419909273855,1.8901009914354487,0.08471729300859782,2.0655410289764404,0.2548394203186035
741270.6963314735,3391502.534381163,3.056703728053245,1.9243814368025058,0.07275254036234535,2.0744826793670654,0.3084898591041565
741270.6018284624,3391502.5378455105,3.0584062869381317,1.9026987298029179,0.06583138493421842,2.0834243297576904,0.3308442234992981
741270.415514872,3391502.5426574307,3.0565901442327528,1.9220816927248598,0.03173685538405623,2.096837043762207,0.4560285806655884
741270.273780042,3391502.592090589,3.0627325921289668,1.9409712154223782,0.0599281721532564,2.096837043762207,0.49179553985595703
741270.186793325,3391502.602192862,3.0688810321376323,1.9503667873322512,0.07965952157214129,2.096837043762207,0.5230916142463684
741270.0980542436,3391502.6103123357,3.0730455502922442,1.9569488073996368,0.07167947472736595,2.096837043762207,0.5365042686462402
741269.9181537419,3391502.6173827886,3.0767803674049707,1.98076732824593,0.055320640189048136,2.105778694152832,0.5678001642227173
741269.8094123306,3391502.6340068323,3.0788565677907966,1.9520731732797278,0.05408658694876285,2.105778694152832,0.5812127590179443
741269.6596252052,3391502.6382787637,3.0859802573906494,1.9691243209328595,0.099250450222375,2.105778694152832,0.5588583946228027
741269.5757777548,3391502.648542929,3.098547847732789,2.039110346882617,0.19446600347501558,2.105778694152832,0.5454457998275757
741269.3673146188,3391502.6200501183,3.1321032779936235,2.100377382815089,0.30579291680455595,2.105778694152832,0.5230916142463684
741269.1861817106,3391502.617701601,3.1364395700385446,2.10322744513435,0.09679950141519213,2.1281330585479736,0.5007373094558716
741269.1151014154,3391502.6137693473,3.13867809009281,2.11861641311095,0.019196581110079824,2.1281330585479736,0.49179553985595703
741269.0526802817,3391502.6409781836,-3.1395111268817875,2.1368238144214464,0.041312036462926874,2.1281330585479736,0.49179553985595703
741268.8955401048,3391502.623035277,-3.1351005326424524,2.159545420186461,0.12003722933745622,2.1281330585479736,0.49179553985595703
741268.7259313117,3391502.608822307,-3.132403549406529,2.1894848496370467,0.19037504336112104,2.1281330585479736,0.47838294506073
741268.7031240057,3391502.614292058,-3.118435402647118,2.19753449264538,0.17419414582266743,2.1370749473571777,0.4560285806655884
741268.6342889335,3391502.619497209,-3.104749817279364,2.20306304789488,0.15471125736210134,2.1281330585479736,0.4470868408679962
741268.5619833531,3391502.621264887,-3.093535379087095,2.206869956458732,0.04521614562975777,2.1281330585479736,0.3531985580921173
741268.3850944701,3391502.6044934783,-3.1043677868209922,2.1976996251787733,0.044003067053010034,2.1370749473571777,0.3308442234992981
741268.2344025311,3391502.6316756504,-3.1010581433762967,2.185515119468119,0.09038638152119785,2.1370749473571777,0.15200959146022797
741268.1662451862,3391502.631268405,-3.0902789988642008,2.17610654992817,0.16210111438188346,2.1370749473571777,-0.0
741268.097366602,3391502.6308304355,-3.0788417872467466,2.1797554582029712,0.15681602611214843,2.1370749473571777,-0.0
741268.0237541015,3391502.629249623,-3.072963391772615,2.1973112657579907,0.17382567284391767,2.1370749473571777,-0.0
741267.8966610125,3391502.6011195774,-3.0698023527167457,2.1820230947812385,0.16309529075869156,2.1460165977478027,-0.0
741267.7096594062,3391502.5977516472,-3.047927680155052,2.1796470712727465,-0.014799309092189433,2.1460165977478027,-0.0
741267.6234696946,3391502.5795113025,-3.0583074836616913,2.1580079284542193,-0.07188988879733843,2.1683709621429443,-0.0
741267.548458491,3391502.556921153,-3.0744016319193115,2.141768727878105,-0.15976014331300406,2.1683709621429443,-0.0
741267.4839609216,3391502.543011563,-3.0818211987162725,2.1283959591525474,-0.15062012967479335,2.1683709621429443,-0.0
741267.4116299243,3391502.5341696646,-3.0773854376046366,2.1269161416752653,-0.07162802991550671,2.1683709621429443,-0.0
741267.2456639375,3391502.513735596,-3.071536203744441,2.1240581839998596,0.13596945248837872,2.1683709621429443,-0.0
741267.1124471988,3391502.497037982,-3.065844229546615,2.129391224853317,0.17435384279798483,2.1773126125335693,-0.0
741267.0229389525,3391502.501901405,-3.0589651512928864,2.130111846263067,0.156152215513642,2.1773126125335693,-0.0
741266.9414750072,3391502.5078695226,-3.053960938446572,2.156696309443133,0.12015767251039844,2.1862545013427734,-0.0
741266.8624546513,3391502.513367249,-3.04672166765541,2.138612105004269,0.02499353584282822,2.1773126125335693,-0.0
741266.6296167215,3391502.4973810087,-3.0505651417406128,2.093089613607117,-0.037424854950910316,2.1862545013427734,-0.0
741266.5322948425,3391502.4840437793,-3.0540047474465037,2.0902869032614255,-0.020030690770124954,2.1862545013427734,-0.0
741266.446237449,3391502.4725049855,-3.055393985429143,2.084099355950224,0.023231123150289246,2.1862545013427734,-0.0
741266.3694611259,3391502.4635461103,-3.0512923178762588,2.1269375208232812,0.030147468999475367,2.199666976928711,-0.0
741266.2921274239,3391502.453046294,-3.048284943215286,2.130756014580022,0.010486728295618556,2.199666976928711,-0.0
741266.0760193726,3391502.388569503,-3.050272992969031,2.136283814454446,0.01365325194085491,2.208608865737915,-0.0
741265.8807131584,3391502.3668794683,-3.048909055016747,2.128523010694973,0.03812955040104536,2.208608865737915,-0.0
741265.7941060585,3391502.3582356838,-3.0488287607098803,2.1408726483805918,0.035479667966700004,2.21755051612854,-0.0
741265.7735033785,3391502.346961578,-3.0479387322735754,2.1622840875685374,0.03839544066017794,2.21755051612854,-0.0
741265.4688671211,3391502.3242865303,-3.0444269549021428,2.1902482247128923,-0.0618035698867517,2.21755051612854,-0.0
741265.376590553,3391502.3151743305,-3.0502171997441936,2.2158174902654273,-0.001826121411175146,2.2309632301330566,-0.0
741265.2929628711,3391502.3033584557,-3.049534098924589,2.2182908844241522,0.012766111355229367,2.2309632301330566,-0.0
741265.2202877421,3391502.2943867636,-3.046427787829119,2.209786570621314,0.009956450401184334,2.2399048805236816,-0.0
741265.0674953072,3391502.272972595,-3.0426568848836215,2.189337872814623,-0.039525238538895294,2.2399048805236816,-0.0
741264.8355590671,3391502.2154137143,-3.0530049967732875,2.2292860342299377,-0.024687304272685465,2.2399048805236816,-0.0
741264.7422936404,3391502.2023907276,-3.0514517080675,2.272973227406625,0.038649401956042606,2.2399048805236816,-0.0
741264.6547585983,3391502.193862172,-3.0490391504359966,2.2602040631339118,0.07750136678235332,2.2399048805236816,-0.0
741264.4558812287,3391502.156384348,-3.0351157447828987,2.2590432342528324,0.06696007502803737,2.2399048805236816,-0.0
741264.284394789,3391502.1453155037,-3.022815535814204,2.287007710612161,0.008418446060630497,2.2399048805236816,-0.0
741264.0930709164,3391502.1080865553,-3.0381951579513577,2.2997897888412777,-0.07462308583761094,2.2399048805236816,-0.0
741264.0561218178,3391502.1116362736,-3.043724279848526,2.289882475680104,-0.0969667237580993,2.2399048805236816,-0.0
741263.8986741288,3391502.081970557,-3.044308577391689,2.278571444455685,-0.025442669600139557,2.2488465309143066,-0.0
741263.7278430872,3391502.058609896,-3.036286204081989,2.284008372806503,0.06204695253991126,2.2488465309143066,-0.0
741263.6076590994,3391502.0025211754,-3.0363204257019962,2.2638508258797443,0.07540623401730912,2.2488465309143066,-0.0
741263.5085379529,3391501.9931260264,-3.034122785170463,2.2563765943800833,0.0529730138074252,2.2488465309143066,-0.0
741263.3317809977,3391501.9734888384,-3.029738822542029,2.246796427100051,0.0036187171297648105,2.2622592449188232,-0.0
741263.1126862068,3391501.9444728205,-3.0269511586709887,2.233365151511133,-0.10652591619732418,2.2622592449188232,-0.0
741263.0270312648,3391501.923092214,-3.0293301604727567,2.227093192894445,-0.08728736000010334,2.2622592449188232,-0.0
741262.9358677944,3391501.8966604704,-3.042145557954327,2.205174827651172,-0.021548261406506314,2.2712008953094482,-0.0
741262.7421500604,3391501.8536338126,-3.0427575523728265,2.229560339594923,0.010398978150989358,2.2712008953094482,-0.0
741262.5845872781,3391501.8354633246,-3.031998781043071,2.252713615778306,0.04961062603001668,2.2622592449188232,-0.0
741262.492330404,3391501.823930438,-3.0312235348497483,2.2913408801878807,0.03919158875658869,2.2712008953094482,-0.0
741262.3939737718,3391501.8111667912,-3.036637075555607,2.2870876003180984,0.03708098910634623,2.2712008953094482,-0.0
741262.2594356227,3391501.8069180124,-3.0275003024877627,2.2688226391166775,0.047711375518819765,2.2712008953094482,-0.0
741262.0753817926,3391501.7792939222,-3.0263945580031617,2.241125031798811,0.04079934463047302,2.2801427841186523,-0.0
741261.9870043534,3391501.7624152177,-3.027122666245189,2.2282584609518468,0.019027373891589205,2.2801427841186523,-0.0
741261.8469104761,3391501.731545376,-3.0292145792814473,2.2174602316464007,-0.04053279229430074,2.2890844345092773,-0.0
741261.7669991119,3391501.7118799556,-3.031889990912541,2.224195773762974,-0.04645278481359444,2.2890844345092773,-0.0
741261.6848305501,3391501.691953194,-3.0341528788907812,2.231003140461997,-0.05682657003865633,2.2890844345092773,-0.0
741261.4949032234,3391501.6600281266,-3.0357503760706646,2.2609080790686074,0.0710449754621992,2.2890844345092773,-0.0
741261.4576077431,3391501.6312746345,-3.0324926642672256,2.248656396179432,0.06847376921364894,2.302496910095215,-0.0
741261.3210748894,3391501.6157056866,-3.0289824847924463,2.249059387416415,0.03732541090019577,2.302496910095215,-0.0
741261.1503870536,3391501.6008567708,-3.0212758292299755,2.2456987919665514,0.03496366541251895,2.302496910095215,-0.0
741261.1039622196,3391501.5961339935,-3.0179300999525083,2.2331759399019635,0.013172958884755628,2.302496910095215,-0.0
741260.8528017837,3391501.5778745655,-3.030375850674776,2.270169585096266,-0.05336892931955551,2.31143856048584,-0.0
741260.7611347989,3391501.5587356305,-3.037595147757763,2.2877770952649636,-0.0257466536948221,2.3337931632995605,-0.0
741260.6742685298,3391501.548767577,-3.0344642024222113,2.2860572307504348,-0.016683477464518932,2.3337931632995605,-0.0
741260.5910365132,3391501.541562258,-3.027345439670375,2.2816580828473407,0.009888344954942594,2.3337931632995605,-0.0
741260.527817571,3391501.499257942,-3.020141056289493,2.2793063424111084,0.018459798932402682,2.3337931632995605,-0.0
741260.3386606555,3391501.4658748982,-3.0279533061891852,2.3109671904786877,0.0046138444738601896,2.3337931632995605,-0.0
741260.2367290196,3391501.4471654845,-3.0328062514855825,2.3207620247705436,-0.002285703217112414,2.3337931632995605,-0.0
741260.1397744828,3391501.430624046,-3.033786294766731,2.301236725348761,-0.0932027961419724,2.3337931632995605,-0.0
741260.119016412,3391501.433378945,-3.0348449013000387,2.287823760488794,-0.08881890440699042,2.3427348136901855,-0.0
741260.0403476347,3391501.4152610386,-3.039114747475762,2.3165930198281153,-0.011471339979771428,2.3337931632995605,-0.0
741259.7688395644,3391501.3768240944,-3.0323231540638425,2.3220732877527372,0.01529830453609695,2.3427348136901855,-0.0
741259.7382755665,3391501.3677863423,-3.029056254354642,2.320540045752597,0.006763535312756476,2.3516767024993896,-0.0
741259.6506497792,3391501.3501466876,-3.0347137406163514,2.332492236496432,-0.0012631245377786112,2.3516767024993896,-0.0
741259.5708162081,3391501.334587386,-3.0393001034876317,2.3405251902924133,-0.029400902063758914,2.3516767024993896,-0.0
741259.4933354758,3391501.3233352313,-3.0383385691760587,2.3453461285275443,-0.029193369974146427,2.3516767024993896,-0.0
741259.2604151785,3391501.2957349736,-3.0324284820849545,2.3546258869061316,0.00935166032653163,2.365089178085327,-0.0
741259.0687172456,3391501.266062685,-3.035591252195532,2.3684278862129498,0.08915924363836611,2.365089178085327,-0.0
741258.9782776855,3391501.2583018057,-3.0302010141492124,2.3787221914319163,0.09481780475828884,2.374030828475952,-0.0
741258.8938252566,3391501.253481662,-3.022665866160942,2.4008662918456647,0.09298154037247347,2.374030828475952,-0.0
741258.7791225244,3391501.256955195,-3.0097621848892357,2.390949218461001,0.03443746754692345,2.374030828475952,-0.0
741258.5676291824,3391501.2155256467,-3.02047182089688,2.3755200129663407,-0.08578943846842377,2.3919143676757812,-0.0
741258.452287281,3391501.1963531687,-3.029439083761341,2.3686513951007124,-0.07256201624111039,2.3919143676757812,-0.0
741258.373421791,3391501.179037867,-3.0327993272667477,2.3582079401974965,-0.051274380276918934,2.405327081680298,-0.0
741258.197099665,3391501.15680422,-3.025673773454132,2.3508260646655823,0.047227431010085315,2.3919143676757812,-0.0
741258.0730565282,3391501.1337002125,-3.017504793126424,2.3814222404025953,0.11049632015732605,2.3919143676757812,-0.0
741257.9782286589,3391501.1259193667,-3.016349780161656,2.3789182887210707,0.04192103875575093,2.423210620880127,-0.0
741257.8857254367,3391501.117404669,-3.01359953370393,2.3605224855655145,0.023766670792656402,2.423210620880127,-0.0
741257.7075946878,3391501.088542282,-3.012969163473909,2.351181302954914,-0.06028224251377165,2.4455647468566895,-0.0
741257.4715003782,3391501.0467328005,-3.0248904046194856,2.365710281011574,0.016292147721894287,2.4545063972473145,-0.0
741257.379925942,3391501.029500819,-3.025825706794321,2.3769034918693457,0.022195795172633134,2.4545063972473145,-0.0
741257.2846486856,3391501.0170966475,-3.0178081271745825,2.3991963079192606,0.062084613652121826,2.467919111251831,-0.0
741257.1136417518,3391500.931732689,-2.99851325876085,2.4424916366761726,0.09613717350413191,2.4545063972473145,-0.0
741256.9053023473,3391500.884157613,-3.0114660753546687,2.371673554521436,-0.06502255472898139,2.476860761642456,-0.0
741256.7094840829,3391500.8271758896,-3.014049607928154,2.3403639014518225,-0.12722778304287263,2.476860761642456,-0.0
741256.6261277021,3391500.8011260186,-3.02479386502997,2.3562104319465407,-0.12472812737643629,2.467919111251831,-0.0
741256.4977427298,3391500.769832962,-3.037224036259861,2.40155128329298,-0.09072687098975732,2.476860761642456,-0.0
741256.3097815269,3391500.750041461,-3.028312033988019,2.3968199822506957,0.0129752963386148,2.476860761642456,-0.0
741256.279055883,3391500.741765839,-3.0146460228542775,2.380225420979134,0.09555683016363486,2.476860761642456,-0.0
741256.1861728865,3391500.729053592,-3.010098542134913,2.387732407145745,0.1460593631267887,2.476860761642456,-0.0
741256.0137669519,3391500.707026757,-3.0066287095506485,2.427137791887837,0.10988324402999107,2.48580265045166,-0.0
741255.8244228131,3391500.69009801,-2.9942681799832638,2.477617662892655,0.03545922828329473,2.476860761642456,-0.0
741255.6812260324,3391500.6567013157,-3.004449178514527,2.4951195628048466,0.043976965373773796,2.476860761642456,-0.0
741255.5819582443,3391500.6361640305,-3.007947240606347,2.506377196394781,-0.018677589935366792,2.48580265045166,-0.0
741255.5012831744,3391500.6059212,-3.017434485673645,2.475409977810648,-0.14337282447856559,2.476860761642456,-0.0
741255.3223567932,3391500.5720797298,-3.0180912211984587,2.484546701182978,0.10129785534763414,2.476860761642456,-0.0
741255.209802287,3391500.557133778,-3.011583254442632,2.4760067394718197,0.12601906960765794,2.48580265045166,-0.0
741255.1045577406,3391500.541297837,-3.01239858121036,2.4760997285826343,0.11526311559405997,2.48580265045166,-0.0
741255.0883359986,3391500.5350446887,-3.011744375688581,2.524964029728668,0.0211555904990951,2.48580265045166,-0.0
741255.009501433,3391500.5331792473,-3.0101302337518847,2.517924094475763,0.04394961911852465,2.48580265045166,-0.0
741254.810694183,3391500.5018586623,-2.99420333201072,2.440982837091438,-0.027493037847022103,2.48580265045166,-0.0
741254.6982376125,3391500.467713134,-3.0076886476644997,2.424609252454908,-0.07892307597386988,2.48580265045166,-0.0
741254.5983971966,3391500.439586237,-3.016380007040028,2.4124359522783876,-0.0698946589440591,2.476860761642456,-0.0
741254.4822420357,3391500.411772708,-3.0094193028988876,2.40337506007166,-0.013046629882426344,2.48580265045166,0.06259218603372574
741254.4436883219,3391500.401912783,-3.0072689334767038,2.414215688760081,0.021632546809757874,2.476860761642456,0.08494653552770615
741254.1647959589,3391500.35283771,-3.004933873832922,2.4272716432092114,0.11356022406398013,2.48580265045166,0.13859698176383972
741254.0561321375,3391500.35115382,-2.9918712018441376,2.4382494832162114,0.08718300731399241,2.476860761642456,0.18330548703670502
741253.9445886104,3391500.3426036756,-2.9787767050803273,2.429032532838213,0.02116978954030406,2.476860761642456,0.18330548703670502
741253.8471136681,3391500.3172821687,-2.9893782167477143,2.4348499043470384,0.030783209669835873,2.467919111251831,0.2324850708246231
741253.7579308932,3391500.296716445,-3.002703476419981,2.4277071232335943,0.018537660722165197,2.4545063972473145,0.2324850708246231
741253.5464502219,3391500.304248417,-2.983089161833492,2.3963853889817557,-0.0006902752582810343,2.423210620880127,0.27719375491142273
741253.4714142813,3391500.2841386683,-2.982491814800987,2.4436671200223476,-0.00337616881068123,2.405327081680298,0.3084898591041565
741253.3978395574,3391500.2561996724,-2.989024016322734,2.463117733541,-0.0007839598111000442,2.3919143676757812,0.32190248370170593
741253.3635786346,3391500.265634083,-2.9962307965485975,2.4759089904740765,-0.011668471951265741,2.374030828475952,0.34425681829452515
741253.2861215842,3391500.2470875434,-2.9997975681965414,2.4740497817409666,0.01786580264688562,2.374030828475952,0.3531985580921173
741253.0377908171,3391500.224281058,-2.967135362165319,2.524536450338025,0.19333155716410502,2.31143856048584,0.4470868408679962
741252.9319451393,3391500.2134090727,-2.9522380385015783,2.5238252756462005,0.29718649445090284,2.2622592449188232,0.5454457998275757
741252.702028897,3391500.128172947,-2.9385906694954675,2.586718590655083,0.25744722631388745,2.2622592449188232,0.5588583946228027
741252.5375900933,3391500.087412602,-2.9306997231855636,2.518839098923637,0.10585810120752295,2.208608865737915,0.6259214878082275
741252.303700063,3391500.0020863484,-2.932902823197331,2.4908838764678976,0.06988580514172327,2.1683709621429443,0.670630156993866
741252.20702454,3391499.966830024,-2.9349377445862608,2.439206874859977,0.1827429806552981,2.1460165977478027,0.7734602093696594
741252.1136099928,3391499.942317347,-2.9269864776776657,2.4005851556927484,0.21739488016684388,2.1460165977478027,0.7734602093696594
741251.9626682701,3391499.924336866,-2.8990931942104474,2.364172811662261,0.19518222491556406,2.1460165977478027,0.9075860977172852
741251.6746679551,3391499.8098108247,-2.866460948741489,2.3380927958976563,0.3089070933326221,2.1370749473571777,0.9746491312980652
741251.626328183,3391499.797567038,-2.86140600267641,2.3047912882074524,0.28720995092371404,2.1281330585479736,1.0193578004837036
741251.5825297204,3391499.785514329,-2.857610332332774,2.313603006801816,0.25736743008334234,2.1281330585479736,1.0461831092834473
741251.5020734055,3391499.7643998074,-2.8358624262389682,2.28310425131721,0.27595594395696027,2.114720582962036,1.0685374736785889
741251.2471708793,3391499.6906604297,-2.79388834429823,2.275438641086394,0.3206799240168786,2.096837043762207,1.1356004476547241
741251.1466362944,3391499.6631896906,-2.766944477759626,2.2689424384750607,0.4354581551956455,2.0834243297576904,1.1803091764450073
741251.1254769461,3391499.6436824035,-2.7541005844543918,2.246939694046372,0.46661245511664773,2.096837043762207,1.1892509460449219
741250.9913829705,3391499.590705702,-2.7301220146315366,2.1800760877886027,0.3936026562578179,2.0744826793670654,1.2116053104400635
741250.8426221645,3391499.54324831,-2.684531759404633,2.1969391489721133,0.4040020148251937,2.0744826793670654,1.2473722696304321
741250.7403689852,3391499.4767343476,-2.6703036881228304,2.209010773996465,0.49625139030365933,2.052128553390503,1.26078462600708
741250.6576126917,3391499.438911191,-2.6540006148776927,2.200813022587209,0.5302797264435882,2.052128553390503,1.2831389904022217
741250.5019504996,3391499.372042229,-2.6121148167270896,2.1583328555037333,0.47668104990604654,2.043186664581299,1.3054933547973633
741250.3174881402,3391499.28389255,-2.5686293908677307,2.146670529609168,0.36722606604584357,2.025303363800049,1.3278477191925049
741250.2487958246,3391499.236953822,-2.560901030542375,2.12406576451137,0.36327006599316874,2.002948760986328,1.359143853187561
741250.1794326178,3391499.187469937,-2.5522126006440473,2.1387360534230004,0.3648689752995544,2.002948760986328,1.3502020835876465
741250.1155798073,3391499.142582255,-2.538980817926042,2.1561756822820586,0.385049255389003,1.9805946350097656,1.372556447982788
741250.0200042694,3391499.0931506893,-2.5024355898674298,2.1516666734085317,0.3946908873982013,1.9940069913864136,1.372556447982788
741249.8762256842,3391499.0103325034,-2.4462942898757962,2.15248440483239,0.5350541677409626,1.9805946350097656,1.3949108123779297
741249.8060789491,3391498.9572605034,-2.4264715829340098,2.1355016824288433,0.541552456749301,1.9805946350097656,1.3949108123779297
741249.7454836378,3391498.9036952197,-2.4158578207256083,2.1204458986103236,0.500420944027871,1.9805946350097656,1.4038524627685547
741249.7233081994,3391498.902573891,-2.398248999598004,2.093868098584024,0.5109799515770427,1.971652865409851,1.4172651767730713
741249.6692028829,3391498.864237168,-2.37328479385571,2.06751041583181,0.5170312678920044,1.9805946350097656,1.4038524627685547
741249.5604182644,3391498.7813606793,-2.320087085816942,2.076543025790562,0.5797731916134667,1.971652865409851,1.3949108123779297
741249.5034373056,3391498.7292877473,-2.3000055196171996,2.0777708051203843,0.6021623488314579,1.971652865409851,1.4038524627685547
741249.5007468092,3391498.6603527055,-2.2784786558938706,2.0664057448695154,0.6076747249206255,1.9805946350097656,1.3814982175827026
741249.4434559518,3391498.601394243,-2.2535948776164965,2.0829160987398496,0.5936947063983333,1.9805946350097656,1.359143853187561
741249.3911639525,3391498.5431845463,-2.229279950547965,2.0723313815649504,0.5665452073543085,1.9805946350097656,1.359143853187561
741249.2244341067,3391498.3295411775,-2.169384392367647,2.0225954843407163,0.51652388749167,2.011890411376953,1.3278477191925049
741249.1783317968,3391498.262384129,-2.1496253349759122,2.0105502586388373,0.5130857028061305,2.043186664581299,1.3054933547973633
741249.1344030726,3391498.196690448,-2.1264001734254405,2.033653720857647,0.5228778185423799,2.043186664581299,1.3054933547973633
741249.0946524951,3391498.134663116,-2.104939622413255,1.9812911912226547,0.5622783577167152,2.0655410289764404,1.2920807600021362
741249.0560642206,3391498.0777423116,-2.0837246148535744,1.9614691845592829,0.5638777110054436,2.0744826793670654,1.2920807600021362
741248.967595493,3391497.9815145517,-2.0340225720616445,1.973505656954823,0.5831649722618469,2.096837043762207,1.2697263956069946
741248.921139884,3391497.922386429,-2.0027623871862943,1.9988640847241932,0.6032411594816757,2.114720582962036,1.2697263956069946
741248.8797415526,3391497.8566591195,-1.9758266432890146,1.9625085137916547,0.5586146733186315,2.114720582962036,1.2697263956069946
741248.8476486114,3391497.788255287,-1.963506593770199,1.9815311808788105,0.519737172408281,2.1281330585479736,1.26078462600708
741248.819814733,3391497.7199804857,-1.9429219564405402,1.990512246840821,0.5317032601307674,2.1281330585479736,1.26078462600708
741248.7397815312,3391497.5815935065,-1.8754960439619142,1.9927038123319791,0.5633645287404504,2.1281330585479736,1.2697263956069946
741248.7027001262,3391497.462718096,-1.85164610481971,2.0121759582862375,0.517095880216813,2.1370749473571777,1.3054933547973633
741248.7315701547,3391497.334194267,-1.8416525928291874,2.018674008530203,0.4946078965929793,2.1281330585479736,1.3278477191925049
741248.6847715637,3391497.175388585,-1.7970832604061666,2.0559240575092588,0.49466340124700575,2.1281330585479736,1.3502020835876465
741248.6420918268,3391497.005717956,-1.7446469501230508,2.0477234189942766,0.5523747740504503,2.1281330585479736,1.359143853187561
741248.6407200742,3391496.7717176564,-1.703378073238965,2.043312890770848,0.6746526792125842,2.1281330585479736,1.3814982175827026
741248.6168177176,3391496.685290035,-1.6731448032799499,2.0264401327083292,0.6735038943007156,2.114720582962036,1.372556447982788
741248.5959735299,3391496.604978506,-1.6426020740022675,2.0208388693478447,0.6394964016985569,2.114720582962036,1.359143853187561
741248.5900275158,3391496.3972235546,-1.59890412788792,2.050591155971308,0.5848145940100192,2.1281330585479736,1.3814982175827026
741248.5614469731,3391496.234447347,-1.5524519405742128,2.060366796361228,0.6744387408215962,2.1281330585479736,1.372556447982788
741248.544208197,3391496.154270601,-1.5175402955282546,2.067869032220624,0.7011484713797264,2.114720582962036,1.372556447982788
741248.5296876986,3391496.0708037773,-1.4818981453952889,2.0911173864574195,0.7043505342789225,2.1281330585479736,1.372556447982788
741248.5706914524,3391495.9045655252,-1.4317963621237366,2.0766952613254928,0.6735185505222887,2.1281330585479736,1.372556447982788
741248.5856834454,3391495.694767785,-1.3782606989426371,2.1029339698324367,0.6425883248545732,2.114720582962036,1.4172651767730713
741248.5578271092,3391495.5452362774,-1.3039843371920004,2.1189119661284033,0.6952151938609076,2.1281330585479736,1.4262068271636963
741248.5737574095,3391495.4516348103,-1.2775396801997312,2.122106971253748,0.7240796278792049,2.1281330585479736,1.4396194219589233
741248.6124913897,3391495.2725946913,-1.230584155439999,2.0993802683997247,0.7431837027654448,2.114720582962036,1.45303213596344
741248.607839017,3391495.137080436,-1.1691056143077372,2.097382181819553,0.6671731477072368,2.1281330585479736,1.4396194219589233
741248.6317288589,3391495.0556571702,-1.1494280496453602,2.1051449412545407,0.6697270164681061,2.1281330585479736,1.4843281507492065
741248.6530450855,3391494.9703447833,-1.1261126069339342,2.1096271577981325,0.6872908315164102,2.1281330585479736,1.4753865003585815
741248.6813260572,3391494.8183833044,-1.0410544375101116,2.0982559880690244,0.7340105627536989,2.114720582962036,1.4753865003585815
741248.7448213904,3391494.6634136965,-0.9937215428239154,2.087904115382126,0.7688278390269305,2.105778694152832,1.4843281507492065
741248.7772941348,3391494.5928968564,-0.9675575830105414,2.074792754677059,0.7453195129403232,2.1281330585479736,1.461973786354065
741248.8053400407,3391494.5284343357,-0.9340025522238697,2.086236270271363,0.7601960846286508,2.114720582962036,1.461973786354065
741248.8209407659,3391494.4112945027,-0.8654099088716798,2.114505767916356,0.9617192259061615,2.114720582962036,1.461973786354065
741248.9310519422,3391494.182915825,-0.7533017459398135,2.137999417593312,0.7916928068736716,2.114720582962036,1.461973786354065
741248.9705596959,3391494.147298409,-0.7322774207141824,2.150978260224227,0.7422301105194827,2.114720582962036,1.45303213596344
741249.0269957976,3391494.0870529884,-0.7111367153489159,2.1398627104969075,0.660532534772875,2.114720582962036,1.45303213596344
741249.0816549342,3391494.027634822,-0.6880079602299043,2.130239386105936,0.6304201386859243,2.1281330585479736,1.3949108123779297
741249.1320043486,3391493.9659794224,-0.6598132069272902,2.117589244663503,0.6613375319986322,2.1281330585479736,1.372556447982788
741249.2316418913,3391493.842798856,-0.5852637380068657,2.121756288615898,0.7516538798047503,2.1281330585479736,1.359143853187561
741249.3354379855,3391493.816529921,-0.5568257049386727,2.103799374153318,0.7565411181328274,2.1281330585479736,1.2116053104400635
741249.3918887603,3391493.7712433254,-0.536646667043033,2.0969471641965027,0.718809135158348,2.1281330585479736,1.202663540840149
741249.4469056571,3391493.726204301,-0.5158384573398624,2.098007834200797,0.7161346198375119,2.1281330585479736,1.0327705144882202
741249.4996724126,3391493.6784956516,-0.4878282611007907,2.1024137616163223,0.6277826961156222,2.1370749473571777,0.988061785697937
741249.5796457868,3391493.582942217,-0.43517290581801626,2.109432281572296,0.549485040619813,2.1460165977478027,0.9657074213027954
741249.652081175,3391493.5396225723,-0.4147334107677674,2.107392551968591,0.5641406394172175,2.1549582481384277,0.9522948265075684
741249.7917391165,3391493.4642474237,-0.383370161558231,2.121534101803531,0.5500351958487495,2.1549582481384277,0.9433530569076538
741249.800354569,3391493.407783205,-0.3589558985810388,2.133924786035905,0.5882858882420251,2.2399048805236816,0.9299404621124268
741249.8615122086,3391493.351806139,-0.3184277799541584,2.132379986891132,0.6527157777231408,2.2488465309143066,0.9209986925125122
741250.0302208355,3391493.2768526743,-0.2715982227139868,2.1112647539692118,0.6465661634331807,2.2488465309143066,0.8315814733505249
741250.1115948088,3391493.2558281827,-0.26757764841629417,2.1400909222920195,0.5049666985954006,2.2488465309143066,0.8047562837600708
741250.1264593794,3391493.2055081576,-0.24930197175173463,2.15737218016925,0.4734813239531308,2.2622592449188232,0.8047562837600708
741250.1904374524,3391493.168834469,-0.22077725279005955,2.0983729688887536,0.48513365456967306,2.2622592449188232,0.8181688785552979
741250.2605576284,3391493.1336793434,-0.1906885924782351,2.091405822814438,0.487627430905192,2.2712008953094482,0.8047562837600708
741250.3421662047,3391493.1068931404,-0.17628701625141385,2.136751384037559,0.5122370217127674,2.2801427841186523,0.7824019193649292
741250.4297322596,3391493.0803890508,-0.16457376798697254,2.1075218952674706,0.5303138384261872,2.2890844345092773,0.7824019193649292
741250.4688339254,3391493.0543715754,-0.14576306225941593,2.0928075863327567,0.5494796997653258,2.2890844345092773,0.7511058449745178
741250.5491339825,3391493.0234190323,-0.11541407795103664,2.0969898379268965,0.4682459912455942,2.2890844345092773,0.7376932501792908
741250.7784819659,3391492.9768407214,-0.0728501058288451,2.117053002614274,0.38511365434167694,2.302496910095215,0.6929845213890076
741251.002924286,3391492.9345279145,-0.043756136184165406,2.1734466551607046,0.35206056534010866,2.302496910095215,0.6259214878082275
741251.1017648029,3391492.921850322,-0.023022494991517206,2.1712156165735625,0.39777448371927854,2.2890844345092773,0.6035671234130859
741251.1917151174,3391492.9095909446,-0.0028535771080200334,2.183889112878661,0.46018749603874987,2.302496910095215,0.5901545286178589
741251.4016625185,3391492.891980901,0.04264866064485595,2.1484002900101364,0.4852346609324874,2.2890844345092773,0.5812127590179443
741251.5570604799,3391492.891013002,0.06020994434700189,2.1836245610184237,0.2666254992677357,2.2890844345092773,0.5365042686462402
741251.6453285553,3391492.894767174,0.06022379278467049,2.206415978669787,0.27533422555848713,2.2890844345092773,0.4560285806655884
741251.7434254026,3391492.8933870867,0.07535334409546479,2.26508325287177,0.3100096929682515,2.2890844345092773,0.4336742162704468
741251.8816075585,3391492.8944168733,0.11652168664840046,2.2503483460125997,0.3495020048452468,2.2890844345092773,0.11624263226985931
741252.0340072411,3391492.9157889383,0.1318637582141835,2.262374556430052,0.3079004013510701,2.2890844345092773,0.06259218603372574
741252.1159269,3391492.92045049,0.15055502116684982,2.2154383164320373,0.27924305850735104,2.2890844345092773,-0.0
741252.2436955071,3391492.926906578,0.16615994673222367,2.265892228061479,0.18347328936238438,2.2890844345092773,-0.0
741252.495787971,3391492.9725021045,0.16609017191166364,2.317584234190631,0.1387398861965532,2.302496910095215,-0.0
741252.7030090821,3391492.9903280735,0.19331087404558156,2.3720274156914334,0.13340192768340806,2.302496910095215,-0.0
741252.7976533426,3391493.00987774,0.19825503260931354,2.331151515098034,0.1801952111687092,2.302496910095215,-0.0
741252.8957264493,3391493.0354432403,0.19871882211315084,2.304799559988795,0.13615295486582907,2.302496910095215,-0.0
741253.0514890408,3391493.0689819204,0.20501733124924293,2.3265404640469924,0.14838054065250406,2.2890844345092773,-0.0
741253.1495072797,3391493.062737053,0.23112336730890837,2.3408037785742337,0.12131865948149963,2.2890844345092773,-0.0
741253.2236324558,3391493.083987488,0.22608972653254922,2.3542279396510772,0.11689493548261266,2.302496910095215,-0.0
741253.3047172317,3391493.103541155,0.2183689562163007,2.3605638254636903,0.13383060131360566,2.2890844345092773,-0.0
741253.3955666894,3391493.114388782,0.23026756049261143,2.3828153719989538,0.1684662517603393,2.2890844345092773,-0.0
741253.4332371742,3391493.1026691264,0.25250002874675603,2.3639573766344615,0.16479383938772177,2.2890844345092773,-0.0
741253.5961271665,3391493.144705093,0.25151359387899097,2.339198570004677,0.21368229329551403,2.2890844345092773,-0.0
741253.6728705411,3391493.161240863,0.2604739325246168,2.3255312930305165,0.2102749751108982,2.2890844345092773,-0.0
741253.8735022955,3391493.1797406096,0.28550072255252745,2.303504309322323,0.17704933358596425,2.2890844345092773,-0.0
741253.9480101941,3391493.1968659116,0.2904516721770394,2.3231954600831206,0.1594989873545077,2.2890844345092773,-0.0
741254.0271449012,3391493.217563796,0.29134236640361655,2.33000231035579,0.1443263696080197,2.2890844345092773,-0.0
741254.1980022101,3391493.260484794,0.30025157235631283,2.3320241284941288,0.15344947425633657,2.2890844345092773,-0.0
741254.223319618,3391493.2763174856,0.3055749650592725,2.3398950513014096,0.1467062753349969,2.302496910095215,-0.0
741254.2917876745,3391493.289641823,0.3110253905462286,2.3218523164363924,0.13925847868051827,2.31143856048584,-0.0
741254.357800416,3391493.300840692,0.32184394984245746,2.2918622338082013,0.11744527247635714,2.302496910095215,-0.0
741254.4273483807,3391493.316032364,0.3331231028492154,2.2825260684708755,0.0784193772207048,2.302496910095215,-0.049179378896951675
741254.6380070398,3391493.394536243,0.3229391748407524,2.3064886610127866,0.13224564623841426,2.302496910095215,-0.14753852784633636
741254.7189916284,3391493.4144714638,0.3293495367426278,2.314192632485945,0.1583678623703478,2.302496910095215,-0.32190266251564026
741254.7906474083,3391493.4308840656,0.3400376011454429,2.2980246786964194,0.15574674007760997,2.302496910095215,-0.3531985580921173
741254.8550217007,3391493.445979154,0.3487645137215236,2.3095718503326697,0.13013265038075086,2.302496910095215,-0.4649701416492462
741254.9236338832,3391493.462865745,0.35754682004827787,2.3526482927755272,0.12329787089821731,2.31143856048584,-0.4649701416492462
741255.2667799519,3391493.610216885,0.3562681032508763,2.337491159816587,-0.017600831878865228,2.302496910095215,-0.509678840637207
741255.3558441943,3391493.6498654904,0.348975302921803,2.295985011785145,-0.02567924287854513,2.2890844345092773,-0.5409750938415527
741255.4286310119,3391493.6825085822,0.3476519781761427,2.2795192025322937,-0.08953772284010093,2.302496910095215,-0.5409750938415527
741255.5316376387,3391493.774256647,0.3428296592322817,2.2696148269246468,-0.0800057828866226,2.302496910095215,-0.4962664246559143
741255.6084011951,3391493.801574247,0.34170687051670434,2.2468505772154184,-0.057676854308575706,2.2890844345092773,-0.509678840637207
741255.7842777631,3391493.851576224,0.35366193380812483,2.250143966977899,-0.04154645876329517,2.302496910095215,-0.48732468485832214
741255.8707775499,3391493.8823429863,0.35422292869174976,2.247692653451093,-0.0655747785729549,2.302496910095215,-0.4649701416492462
741255.8840501255,3391493.9079609215,0.34190674075651506,2.2506453500119523,-0.09641841130540448,2.2890844345092773,-0.4649701416492462
741255.948910811,3391493.935389265,0.3338722500638549,2.2525606822861444,-0.030610152541437452,2.302496910095215,-0.4739118814468384
741256.0133189831,3391493.954409047,0.33593380306368514,2.2516074346824904,0.0025122951241623834,2.302496910095215,-0.4739118814468384
741256.1725159383,3391494.0004981104,0.34717354128631017,2.267506811206923,0.022581781685022496,2.302496910095215,-0.4649701416492462
741256.3661681637,3391494.134987362,0.33527760017108976,2.3011136706662914,0.009388830530198455,2.302496910095215,-0.4739118814468384
741256.4436380885,3391494.15505938,0.33761625508234294,2.311580894418557,-0.01559747155262398,2.2890844345092773,-0.4649701416492462
741256.5868539959,3391494.1970893065,0.3471766039215636,2.314810438666047,-0.10436742336418185,2.302496910095215,-0.4515577256679535
741256.8200635659,3391494.3301848425,0.31750499463644566,2.377325223697807,-0.14597806371818628,2.302496910095215,-0.4649701416492462
741257.0190115616,3391494.407084142,0.3140978794958529,2.3596296050366017,-0.06314026753560949,2.302496910095215,-0.4515577256679535
741257.0924277018,3391494.4371363483,0.31375339960885107,2.326861463164113,-0.035863890128786456,2.302496910095215,-0.4515577256679535
741257.1778377199,3391494.539125958,0.3096878178887361,2.3225403709070087,-0.027051526618187254,2.302496910095215,-0.4515577256679535
741257.3513604725,3391494.5822187047,0.3205961257137009,2.315624312304737,-0.02884893990666216,2.302496910095215,-0.44261595606803894
741257.53643776,3391494.6368623506,0.32267565505088935,2.3099984533345714,-0.0958816022220727,2.2890844345092773,-0.4649701416492462
741257.5507714467,3391494.6557945576,0.3063930881461445,2.29356284397287,-0.08430729545582011,2.2890844345092773,-0.4649701416492462
741257.6290050014,3391494.6851578015,0.30160272713536473,2.2790785459510854,-0.06406383687385332,2.2890844345092773,-0.4649701416492462
741257.7860559807,3391494.7350386376,0.3125062412703672,2.2993113684745357,-0.11448806924921785,2.2890844345092773,-0.509678840637207
741257.9765052134,3391494.879223118,0.28731886262872486,2.2670738163251394,-0.031168158753414374,2.2890844345092773,-0.5543875098228455
741258.0947531932,3391494.921034972,0.28544253248270923,2.294888074824855,-0.0034191286814026604,2.2890844345092773,-0.5722709894180298
741258.2457039449,3391494.960249986,0.30066303074473044,2.3249598109052085,-0.01716916105091453,2.2890844345092773,-0.5856838226318359
741258.415404351,3391495.0587517903,0.288534063034128,2.3487142936552217,-0.09327311725909174,2.2890844345092773,-0.5856838226318359
741258.6230855845,3391495.127312952,0.2680994948318953,2.3563722472276596,-0.13264765500570497,2.2890844345092773,-0.616979718208313
741258.6959041931,3391495.147334495,0.2685100211139311,2.3476549722946394,-0.09226163319074704,2.302496910095215,-0.6080380082130432
741258.7296951518,3391495.156530364,0.26898286536547467,2.3487334469204257,-0.0642920805888812,2.302496910095215,-0.6080380082130432
741258.9214700646,3391495.256066511,0.2664973371201036,2.342229374334643,-0.03635289822031935,2.302496910095215,-0.5856838226318359
741259.0930024546,3391495.2995415805,0.26417572643982723,2.342174906737608,-0.10946360768979124,2.302496910095215,-0.5946255922317505
741259.1740223032,3391495.3246129495,0.25764445702446226,2.3386379502436094,-0.11936547251315847,2.2801427841186523,-0.56332927942276
741259.1819209111,3391495.3286106493,0.24859210616317373,2.349399583482432,-0.1597251654194029,2.2801427841186523,-0.5543875098228455
741259.4051187033,3391495.405696495,0.23097542871035426,2.3400998741750514,-0.14122195747950214,2.2890844345092773,-0.5409750938415527
741259.5253822828,3391495.43705768,0.2222052397665597,2.3161964232688104,-0.08379051356762467,2.2890844345092773,-0.532033383846283
741259.6117682625,3391495.460206242,0.22326797419955602,2.331909547445397,-0.0752147394944486,2.2890844345092773,-0.532033383846283
741259.6901714533,3391495.4830053775,0.21525119352814492,2.335278225259067,-0.07308271182857991,2.2801427841186523,-0.5186205506324768
741259.899958891,3391495.531327277,0.21223516359363037,2.3114897988588337,-0.09140288801956258,2.2712008953094482,-0.4739118814468384
741260.167274575,3391495.5798966493,0.19254574786440193,2.235174287239088,-0.18003263784904414,2.2622592449188232,-0.44261595606803894
741260.2064480515,3391495.593378854,0.18622406922682622,2.246759343147654,-0.15400124327745598,2.2712008953094482,-0.420261412858963
741260.2766901323,3391495.6146942577,0.182040243154312,2.2394685497213676,0.0060094556053451875,2.2712008953094482,-0.420261412858963
741260.5102852515,3391495.648232097,0.1855199294346095,2.261620970616703,0.016866565125356302,2.2622592449188232,-0.36661097407341003
741260.7009361044,3391495.6843425855,0.19187729443079204,2.2682354083282994,-0.08947009141169102,2.2712008953094482,-0.3129609227180481
741260.8655284026,3391495.741505638,0.16976160579044697,2.2691258025300733,-0.17298872776419394,2.2712008953094482,-0.3129609227180481
741260.923266107,3391495.697359121,0.15969459055383828,2.2619579881988408,-0.17484700647603071,2.2712008953094482,-0.29954811930656433
741261.0038220369,3391495.715459975,0.1593446511866019,2.2629562718188194,-0.1510726854748583,2.2801427841186523,-0.2682522237300873
741261.0904510022,3391495.730765993,0.15990551291217292,2.2581233906714524,-0.06089646035482946,2.2712008953094482,-0.2682522237300873
741261.2653970605,3391495.761255173,0.15732291244506857,2.2834570245852674,-0.005497207127933283,2.2801427841186523,-0.19224722683429718
741261.3435986885,3391495.77496693,0.15601530034983968,2.28940715978417,-0.01387202772505044,2.2712008953094482,-0.11177156865596771
741261.3451387223,3391495.807402672,0.15275252854032884,2.2914620055222983,-0.07620376461279857,2.2622592449188232,-0.08047566562891006
741261.415803469,3391495.816805405,0.1517901952804288,2.2932262446811533,-0.08953912449017074,2.2712008953094482,-0.05812112241983414
741261.4905946467,3391495.827040834,0.15543033701640363,2.3018248479288914,-0.09435100111219684,2.2712008953094482,-0.03576696291565895
741261.6976509457,3391495.937527607,0.14172863952405512,2.3155498945290742,-0.06789387561714584,2.2801427841186523,-0.0
741261.8345291654,3391495.976875214,0.12899074003020594,2.349242274261614,-0.041193331099367375,2.2712008953094482,-0.0
741261.8810232866,3391495.9851815077,0.12811456003156962,2.347051559374928,0.017270430891295076,2.2712008953094482,-0.0
741261.9268801652,3391495.9913828424,0.13158665630276056,2.31790611860649,0.06363877183090003,2.2801427841186523,-0.0
741262.1432782178,3391496.0769057223,0.15010707747149876,2.292908527904928,0.07214994306378264,2.2801427841186523,-0.0
741262.3742359036,3391496.1163619854,0.14735363522046585,2.2692885550924338,0.009448583849940333,2.2801427841186523,-0.0
741262.4687764606,3391496.135861186,0.14329191508393135,2.2543104197334216,-0.03148679822297894,2.302496910095215,-0.0
741262.5140482227,3391496.1452902593,0.1415303671808985,2.2604027028271365,-0.024658683422168547,2.2890844345092773,-0.0
741262.5848670406,3391496.1386850984,0.14509926935771356,2.258638570187053,-0.019568958276155096,2.2890844345092773,-0.0
741262.7107302645,3391496.1692100116,0.14323212711745903,2.2541744210445924,-0.0013205885968359046,2.2890844345092773,0.06259218603372574
741262.7532538137,3391496.1793630337,0.1407411393918534,2.2536008885456753,0.026913397614716752,2.2890844345092773,0.09388827532529831
741262.7963153265,3391496.1892443853,0.14022049139874326,2.226337121451467,-0.007036873396337066,2.2890844345092773,0.09388827532529831
741262.8854548079,3391496.2085679737,0.14523082951556354,2.232687378458056,-0.00919394074853399,2.2890844345092773,0.09388827532529831
741262.9366311999,3391496.214407658,0.147776944675734,2.233694270359678,-0.012946488486337664,2.2890844345092773,0.09388827532529831
741263.1909063733,3391496.264158864,0.1435843301716222,2.1889132950810986,0.01256458906065846,2.302496910095215,0.04023783281445503
741263.2652953127,3391496.27296416,0.15202641766911906,2.2266073659556014,0.13215706309079397,2.2801427841186523,-0.0
741263.4130636489,3391496.3141025505,0.15961962256915285,2.2622832172051295,0.1454486564820636,2.2801427841186523,-0.0
741263.4967279711,3391496.328513645,0.1588326584670341,2.280806361492844,0.05682193298001771,2.2801427841186523,-0.0
741263.5832097866,3391496.34331438,0.15742517783092724,2.2763880575167743,0.03445924306981199,2.2801427841186523,-0.0
741263.762746899,3391496.3738492145,0.15862453242784458,2.319556497025117,-0.0071035763209437355,2.2801427841186523,-0.0
741263.9042370587,3391496.4077864536,0.15506468499873582,2.3362057145066184,-0.009249658493940743,2.2801427841186523,-0.0
741263.97789242,3391496.4267700883,0.1508153451634051,2.3399559013059785,-0.004964929460315792,2.2801427841186523,-0.0
741264.0588674897,3391496.4385387916,0.1548411126252236,2.32941034391201,0.07204215356703347,2.2801427841186523,-0.0
741264.2261484757,3391496.488444285,0.17334422324687626,2.324774386538374,0.07484706216738063,2.2801427841186523,-0.0
741264.3785211355,3391496.518269188,0.16526006459988585,2.339074049361748,0.060462751608817665,2.2801427841186523,-0.0
741264.4509439496,3391496.523972985,0.16724145645090482,2.3373124644017285,0.05112745676318746,2.2801427841186523,-0.0
741264.6779246207,3391496.5295775216,0.18703114019517475,2.3225920096500263,0.021145284690467395,2.2712008953094482,-0.0
741264.8406189175,3391496.5755853024,0.17389376653781374,2.329680028258289,-0.03255172722665523,2.2801427841186523,-0.0
741264.996581339,3391496.6267074053,0.16008447733742592,2.327286625173797,-0.0871068556741539,2.2890844345092773,-0.0
741265.0807714881,3391496.589875857,0.1606109842849346,2.3497133350018946,-0.06936569338788054,2.2801427841186523,-0.0
741265.156456349,3391496.6044368893,0.1648930810016731,2.335048198482066,-0.040664393601893396,2.2801427841186523,-0.0
741265.322667217,3391496.6312829256,0.17090103926283762,2.320437820633481,0.11680230071733422,2.2801427841186523,0.04023783281445503
741265.4947168471,3391496.621025569,0.1860593527134049,2.277429673737142,0.08768544118011137,2.2801427841186523,0.10730088502168655
741265.6028673591,3391496.6364099453,0.18812516677097957,2.276618478332136,-0.030428142392184068,2.2801427841186523,0.09388827532529831
741265.6381653211,3391496.6439834028,0.18858842364259853,2.2776792365517733,-0.08997749505350337,2.2801427841186523,0.10730088502168655
741265.7513807269,3391496.684047485,0.17823525174686106,2.294294735844275,-0.11565351007645515,2.2712008953094482,0.16095133125782013
741266.083302685,3391496.7369163902,0.1583148067930682,2.333653414813917,0.03859485466309949,2.2712008953094482,0.13859698176383972
741266.1808111386,3391496.7491387622,0.17176523503656815,2.2928654942616036,0.08275407959735526,2.2712008953094482,0.049179572612047195
741266.2684215601,3391496.759097916,0.18238538883158606,2.2718297997316252,0.22108751612824498,2.2801427841186523,-0.0
741266.4580003598,3391496.8313334244,0.19594314246701616,2.251088084902204,0.17762607734972757,2.2801427841186523,-0.0
741266.6317133396,3391496.8500780948,0.20643013820752998,2.2448434262058243,0.006847445862143524,2.2801427841186523,-0.0
741266.722638118,3391496.8739863993,0.19786767582876186,2.2488791870206835,-0.07782915880478979,2.2712008953094482,-0.0
741266.761507562,3391496.8830156666,0.18876738806785198,2.239971467102926,-0.09969717395235923,2.2801427841186523,-0.0
741266.9254638009,3391496.924798043,0.18676988409223805,2.1921791704539366,0.055130093843860625,2.2712008953094482,-0.0
741267.0763269567,3391496.9488085187,0.20479429150794903,2.2282430196283514,0.003291902365924665,2.2801427841186523,-0.0
741267.1915123136,3391497.024364687,0.2006908929003548,2.2224078486448184,-0.01823301013677641,2.2712008953094482,-0.0
741267.2790845233,3391497.050056052,0.1854879715015283,2.2465422263530623,-0.003922549576659941,2.2801427841186523,-0.0
741267.5630542064,3391497.096607209,0.19667351439597036,2.2784816240740775,0.03594830964529447,2.2801427841186523,-0.0
741267.7642990446,3391497.1769063743,0.20137226266525143,2.275263743247774,0.020584220514566088,2.2801427841186523,-0.0
741267.8093392253,3391497.1868576435,0.19845769916826894,2.290560734961576,0.005180233306841902,2.2712008953094482,-0.0
741267.9009499362,3391497.207375618,0.19559653205114236,2.2834670384093414,-0.003248106661236222,2.2801427841186523,-0.0
741268.0331572731,3391497.2410340426,0.1963175829162811,2.301019631446491,-0.026262214551769497,2.2801427841186523,-0.0
741268.059409086,3391497.2445596973,0.1956814868899155,2.3076877533841538,0.007657758389038028,2.2801427841186523,-0.0
741268.1702496735,3391497.2732447237,0.20030899560003723,2.298395427043692,-0.027248578013772454,2.2801427841186523,-0.0
741268.2451241515,3391497.2932167146,0.20450853432298333,2.3016925494274183,-0.013497339465595825,2.2801427841186523,-0.0
741268.3256995296,3391497.3161669048,0.19927808594206775,2.299530529681386,-0.006075319736130398,2.2801427841186523,-0.0
741268.4774987872,3391497.334650482,0.19475670420138558,2.3104339464906674,-0.013454054418847582,2.2890844345092773,-0.0
741268.5633930812,3391497.357961441,0.19299875156582447,2.316240608797067,-0.03152879665844394,2.2890844345092773,-0.0
741268.7932197379,3391497.4073302564,0.19088034007672094,2.2906222324507937,0.030132689120962276,2.302496910095215,-0.0
741268.9370412817,3391497.4247396803,0.20199957026001947,2.2859650694171902,0.04777118672488301,2.2890844345092773,-0.0
741269.01813661,3391497.4358084956,0.2132659400935455,2.297197343174889,0.046140096577011375,2.302496910095215,0.04023783281445503
741269.1022905651,3391497.4583204878,0.21052008785161913,2.2885543824025016,0.0232853430295806,2.2890844345092773,0.08494653552770615
741269.1895279419,3391497.486784046,0.1993939334494863,2.2822347414477875,-0.004381159161565139,2.2890844345092773,0.08494653552770615
741269.3306339153,3391497.4885617876,0.19591837506887844,2.3034909682249913,-0.006055561111219729,2.302496910095215,0.09388827532529831
741269.4507734203,3391497.517561737,0.2047753830642094,2.3211060055492228,0.008846512990982899,2.302496910095215,0.0715339258313179
741269.535368254,3391497.5400309507,0.21042887458428394,2.316721613544153,0.030649022702263558,2.2890844345092773,0.06259218603372574
741269.621777902,3391497.565188684,0.20617167842373796,2.2931042964844193,0.046647714135999094,2.302496910095215,-0.0
741269.7088053977,3391497.58780677,0.20286176866293282,2.2801025135000126,0.065177631479864,2.302496910095215,-0.0
741269.8562662936,3391497.592494802,0.21666173679950562,2.2755328871005553,0.05998084136196276,2.302496910095215,-0.0
741269.9418921506,3391497.6077816603,0.2212289249109367,2.27859528619999,-0.0022301984320628326,2.302496910095215,-0.0
741270.0245836627,3391497.627930873,0.2209523556317321,2.2708495225941125,-0.03563267694674484,2.302496910095215,-0.0
741270.1060003475,3391497.65205751,0.21553362176174806,2.265477363267256,-0.05656525054674055,2.302496910095215,-0.0
741270.2537640278,3391497.695022299,0.210336196578349,2.2616418463721057,-0.06642695799338202,2.302496910095215,-0.0
741270.4118553454,3391497.7444058172,0.20236868438710465,2.2731560638430026,-0.04756578473938114,2.302496910095215,-0.0
741270.4940996903,3391497.7672990765,0.20520175515473094,2.2822755769920113,0.00043149790047394615,2.302496910095215,-0.0
741270.7117409447,3391497.864507675,0.2046772455780399,2.294171106603859,0.035969911283350225,2.302496910095215,-0.0
741270.8011480793,3391497.8826158172,0.20741204570144234,2.306966024494964,0.05566211666250161,2.302496910095215,-0.0
741270.7567376904,3391497.874456332,0.20479735414320244,2.3194543688669866,0.12530236160585972,2.302496910095215,-0.0
741271.0683272841,3391497.9244166063,0.2312868853998391,2.3166161492556263,0.09246875490428454,2.302496910095215,-0.0
741271.213142548,3391497.975360284,0.2262622993711867,2.312196846217447,0.0335411263178888,2.302496910095215,-0.0
741271.2983375713,3391498.000592567,0.2192484651662996,2.311891049045987,-0.011532641909851694,2.302496910095215,-0.0
741271.3840030283,3391498.0244108406,0.21441296357504225,2.311449720951165,-0.025153792702757916,2.302496910095215,-0.0
741271.4724357887,3391498.0458439947,0.21794737781574103,2.3120398371916266,-0.0017995132673879477,2.2890844345092773,-0.0
741271.7004766415,3391498.1322742375,0.2259425868823226,2.322504440542831,0.01676823360530301,2.302496910095215,-0.0
741271.7945466244,3391498.1579926508,0.22498717784125644,2.314809062203955,0.04181750085419534,2.302496910095215,-0.0
741271.8893900281,3391498.183114796,0.22270977563507532,2.27959346783971,0.05197231489924874,2.302496910095215,-0.0
741271.982439303,3391498.2040349594,0.22511647431218007,2.261769956075737,0.038166745362478396,2.2890844345092773,-0.0
741272.0684176503,3391498.223729702,0.22712556303853582,2.2693939683219124,-0.007058394480761659,2.2801427841186523,-0.0
741272.210751518,3391498.2340589273,0.22441353294245348,2.24410246390759,-0.01878024766752296,2.2622592449188232,-0.0
741272.2844490034,3391498.2500136485,0.22425946907339256,2.2811511292065205,-0.02675097079380049,2.2399048805236816,-0.0
741272.3624855006,3391498.267016161,0.22667122775656834,2.293750630637,-0.032084957339095006,2.2309632301330566,-0.0
741272.4449926164,3391498.2878370616,0.22699440235484936,2.3061128997210765,-0.04431604562685795,2.1862545013427734,-0.0
741272.5273145919,3391498.2794919047,0.22492991987782007,2.3166308427683626,-0.04060934813373643,2.1773126125335693,-0.0
741272.7333133597,3391498.35214447,0.21191252162756724,2.312716610012663,-0.029970276077751115,2.1460165977478027,-0.0
741272.8059668285,3391498.370385989,0.2149132383858139,2.3170521877548995,-0.02304701715061266,2.1281330585479736,-0.0
741272.9366883154,3391498.408036556,0.22054928620074854,2.3309185546982207,0.041678745328412474,2.1281330585479736,-0.0
741273.0137902548,3391498.4262941284,0.22401632246586844,2.3434361317761048,0.04080439329216651,2.096837043762207,-0.0
741273.0913665446,3391498.445925892,0.22183466090087522,2.3445552888917813,0.039209056935388564,2.096837043762207,0.04023783281445503
741273.2543239838,3391498.4787530946,0.22403509775155328,2.3240720891166498,0.041357194537668375,2.0834243297576904,0.06259218603372574
741273.3603340976,3391498.4514266867,0.23273830819393249,2.2968049044315553,0.025711385742238066,2.043186664581299,0.09388827532529831
741273.4436325736,3391498.468324489,0.23831523383266706,2.3225428167065787,-0.004390803743424609,2.043186664581299,0.09388827532529831
741273.5247573819,3391498.4928166005,0.2354391530134361,2.2642200234707,-0.018235770731015594,2.011890411376953,0.12965524196624756
741273.604324193,3391498.5225656517,0.22940003576751788,2.2228810129376306,-0.06132758938367512,2.011890411376953,0.13859698176383972
741273.7505086119,3391498.5407000347,0.21773099597717227,2.1609809008801113,-0.0122568129161189,1.9940069913864136,0.19671809673309326
741273.8253526695,3391498.562238901,0.2229483948687463,2.155982020496874,0.056196106580816516,1.9492982625961304,0.27719375491142273
741273.8998764672,3391498.582222577,0.22691783647350938,2.1327112225887994,0.08384845742753261,1.9314148426055908,0.2861354947090149
741274.0533459843,3391498.613547636,0.23558003423510154,2.113154448886844,0.13656303662067998,1.9090607166290283,0.2861354947090149
741274.0144986727,3391498.607463737,0.23314950026624048,2.090537576300329,0.15463364301083715,1.9090607166290283,0.2861354947090149
741274.324975456,3391498.692922477,0.2609230746424589,2.0243046607859214,0.06429459043142227,1.9090607166290283,0.2861354947090149
741274.423801987,3391498.716665948,0.2607358544178262,2.0367579153210986,0.010496063474699575,1.9090607166290283,0.3755529224872589
741274.5462327006,3391498.7258921396,0.26303868981241774,2.037645594886813,0.03226325070925423,1.9090607166290283,0.4560285806655884
741274.6641165155,3391498.7660304243,0.26259487401675585,2.0555903841757663,0.05565582358225766,1.9090607166290283,0.4560285806655884
741274.8184218323,3391498.8212212254,0.2652150250552303,2.027835220964762,0.11100811243026965,1.9090607166290283,0.4694412052631378
741274.9210487237,3391498.89110081,0.2751064048179481,1.9792628534713121,0.2083556469878483,1.9090607166290283,0.4560285806655884
741274.9968074912,3391498.907165396,0.28429218004984946,1.982757805195807,0.23550434024462244,1.9090607166290283,0.4694412052631378
741275.075861965,3391498.920410808,0.29649198784544817,1.9737847696847948,0.24245766979675043,1.9090607166290283,0.4694412052631378
741275.250373937,3391498.951575157,0.32671021094430497,1.926727809546729,0.20574005949258778,1.9001189470291138,0.4694412052631378
741275.4565521977,3391499.013269237,0.3346042198894632,1.8899523366393323,0.1424453325198797,1.9001189470291138,0.4694412052631378
741275.5129324519,3391499.0266801254,0.3468013645239716,1.8317439538713525,0.17060562459678064,1.8688228130340576,0.4560285806655884
741275.5692852569,3391499.042681843,0.3571606616902163,1.8389308028730675,0.1780736316017154,1.8688228130340576,0.4560285806655884
741275.7371764674,3391499.1210753955,0.3589628227998727,1.9004727091018483,0.09072164758013339,1.837526798248291,0.4694412052631378
741275.8712427199,3391499.1782208313,0.36064634008296625,1.9011342940173641,0.16154380952217423,1.8062306642532349,0.5007373094558716
741275.9374622992,3391499.1975020035,0.37230166459369807,1.9100760946258013,0.16674259872542574,1.7749345302581787,0.5588583946228027
741275.9831996091,3391499.2002149182,0.3829298078719865,1.9173239159422133,0.12969867247860967,1.7659927606582642,0.5588583946228027
741276.0962439056,3391499.2424571295,0.38805586033817097,1.913779260044427,0.10356264367479864,1.6721047163009644,0.6259214878082275
741276.2123452885,3391499.2819219856,0.3955625125027775,1.9292173848284462,0.2732434413581666,1.6095125675201416,0.6393340826034546
741276.270595522,3391499.2597434795,0.4154581900584322,1.9451097856266448,0.25580975602855116,1.5916290283203125,0.6482757925987244
741276.3992100097,3391499.304239118,0.4371768013802466,1.9388269615910252,0.20500345670574724,1.5782164335250854,0.6482757925987244
741276.5156035215,3391499.365707828,0.4343396027129307,1.9213795246207153,0.14614189856397602,1.560333013534546,0.670630156993866
741276.6091409398,3391499.36391601,0.4586647829516597,1.8606905082838552,0.1982430063361641,1.5513912439346313,0.670630156993866
741276.6533460197,3391499.379570089,0.47370212230971065,1.8205086262227363,0.23446967263751115,1.5290368795394897,0.6929845213890076
741276.7004833135,3391499.3996839016,0.4836849150768452,1.7911887055053712,0.24248103771129498,1.5290368795394897,0.7063971161842346
741276.8184118678,3391499.482748665,0.49392117420072834,1.7887730977559853,0.20528295931721666,1.5200951099395752,0.7287514805793762
741276.9171155138,3391499.5291770874,0.5086762850622577,1.7442032688424065,0.1834051936027041,1.4977407455444336,0.7958145141601562
741276.9675923781,3391499.552291132,0.5199650920279675,1.7068649827832307,0.21742012708078168,1.4887990951538086,0.8047562837600708
741277.0203074887,3391499.5774157834,0.5298872313012755,1.6643293869928415,0.23626151438440815,1.4753865003585815,0.8047562837600708
741277.223267064,3391499.693314679,0.5612799084408575,1.6448854554778465,0.2493962348537664,1.466444730758667,0.8181688785552979
741277.32456423,3391499.7537908396,0.576297407248787,1.5827536989291155,0.21803037305600909,1.466444730758667,0.8315814733505249
741277.390397367,3391499.7783934404,0.5833507228168342,1.55831079275492,0.2096265502181392,1.448561191558838,0.8405232429504395
741277.4390280289,3391499.809611282,0.5952099788880392,1.556197675794805,0.20574693077450618,1.448561191558838,0.8539358377456665
741277.4878934114,3391499.8426585747,0.6065761506834155,1.52544484363977,0.2169117532769518,1.4262068271636963,0.8539358377456665
741277.5351777732,3391499.876437207,0.6136297991465991,1.5046971691107651,0.23021379271959813,1.4172651767730713,0.862877607345581
741277.6167508556,3391499.9265902964,0.6348713051591259,1.478308259215632,0.28560113421204897,1.3859690427780151,0.8986445665359497
741277.6626064855,3391499.9546812847,0.649901653719315,1.475101746871365,0.28132659991999404,1.354672908782959,0.9075860977172852
741277.7093076265,3391499.984061796,0.6614783483988624,1.4747338978249291,0.3004413266402596,1.354672908782959,0.9299404621124268
741277.7572654686,3391500.014997985,0.6720396463337894,1.465018542941425,0.28826867761498576,1.3233768939971924,0.9657074213027954
741277.8049053389,3391500.0458468315,0.6839962409428364,1.4569359477165333,0.290781047829564,1.3144351243972778,0.9746491312980652
741277.8827297626,3391500.107401691,0.7108108775895445,1.4463743797069764,0.327585392296875,1.2518430948257446,0.9970034956932068
741277.9250851882,3391500.137327733,0.7276066356363473,1.4354164800901374,0.3361249729163954,1.1892509460449219,1.0685374736785889
741277.9687525224,3391500.170479187,0.7410240406823299,1.4330015497783362,0.3393154432787071,1.1981927156448364,1.0908918380737305
741278.0133215257,3391500.206438388,0.750728599694579,1.4280746166325229,0.3287837094888497,1.1579548120498657,1.1356004476547241
741278.1109497781,3391500.2769899573,0.7699241321996517,1.4250977695952969,0.3063446569750256,1.1356004476547241,1.1356004476547241
741278.2029790223,3391500.366948495,0.7990851469247744,1.3917600684413587,0.34727966710620545,1.1177170276641846,1.1668965816497803
741278.2434353593,3391500.400480947,0.8177327340355638,1.390533060030261,0.36429870600776926,1.0864208936691284,1.1892509460449219
741278.3243354828,3391500.456627389,0.8411301355295362,1.342569864300973,0.4366536272310542,1.095362663269043,1.202663540840149
741278.3617477452,3391500.490767776,0.8595793171391151,1.3314403113485083,0.44200648384473784,1.0640665292739868,1.26078462600708
741278.3958856236,3391500.525367293,0.8729306757900641,1.32885928108792,0.4707413504132598,1.0551248788833618,1.26078462600708
741278.4700898299,3391500.591182029,0.9081617670087763,1.300263820978794,0.45958079653903655,1.0238287448883057,1.26078462600708
741278.5418357262,3391500.626165315,0.9422198023463366,1.2884553864424246,0.4631891761545385,1.001474380493164,1.3144351243972778
741278.5900716496,3391500.670403574,0.9693331790883244,1.2280327531800677,0.4686102664581832,1.001474380493164,1.3054933547973633
741278.6053213382,3391500.685715449,0.9773761253174449,1.2448880290940778,0.46864976313364537,0.9746491312980652,1.359143853187561
741278.6205184781,3391500.701226587,0.9859017029151156,1.2007242886101026,0.4717985431480819,0.9746491312980652,1.372556447982788
741278.6950225339,3391500.7479896992,1.0232138547886436,1.20340428502516,0.5277327930149949,0.9299404621124268,1.4038524627685547
741278.7572503499,3391500.794944686,1.0727776795199997,1.1453784302423298,0.5436186680954366,0.8584067225456238,1.461973786354065
741278.7886592766,3391500.8208312765,1.098980954248967,1.1651750495649917,0.554293050489123,0.8405232429504395,1.4843281507492065
741278.8159679056,3391500.848670617,1.118193963748693,1.1423797116437977,0.5420821922271439,0.7958145141601562,1.5200951099395752
741278.8461088284,3391500.9037976814,1.1326458404306035,1.148083967281575,0.4968572188126176,0.7868728041648865,1.5200951099395752
741278.8892715944,3391500.954760363,1.1730215596641038,1.084579562168102,0.4920386216959275,0.7779310345649719,1.5513912439346313
741278.9317454495,3391501.0054114433,1.2189998374618316,1.0697457009479834,0.5175805245060916,0.7555767297744751,1.6184543371200562
741278.9494863348,3391501.067269584,1.2386976088589803,1.051116452734406,0.529655477306874,0.7153388857841492,1.6899882555007935
741278.9658627571,3391501.093607602,1.2590501184101246,1.0328675074456672,0.5952144015099473,0.7153388857841492,1.6899882555007935
741279.0034210619,3391501.141433947,1.3110983062538741,0.9977674837313472,0.6260270337762459,0.6929845213890076,1.7570511102676392
741279.0647907081,3391501.2217039,1.3673261090466644,0.9487257891113647,0.6590126134768042,0.684042751789093,1.8017598390579224
741279.0829176696,3391501.2493971554,1.391779886676531,0.9400528717591673,0.6814399410657216,0.6616884469985962,1.846468448638916
741279.101136551,3391501.2749547632,1.4162701995476024,0.9292199638986995,0.6984649143311785,0.6616884469985962,1.859881043434143
741279.1783723478,3391501.3841141015,1.515105275797433,0.9017901054769372,0.7723920752915472,0.6214506030082703,1.8822354078292847
741279.2173049527,3391501.450252178,1.5848792734823443,0.8760803030589284,0.8852256582327854,0.6035671234130859,1.9358859062194824
741279.2349577184,3391501.482377471,1.6203602763619287,0.8499561066475972,0.8863301427371164,0.5588583946228027,1.9492982625961304
741279.2516670353,3391501.5142962076,1.6544523419047925,0.8105408589343286,0.8666634450489888,0.5588583946228027,1.9492982625961304
741279.2994820004,3391501.5774798193,1.7240664240483259,0.7576784792750647,0.8671659684063304,0.5275624990463257,1.958240032196045
741279.3311467269,3391501.6357792877,1.7952376731259845,0.7531345555903604,0.9278359399661441,0.47838294506073,1.9492982625961304
741279.3476143924,3391501.663135241,1.8357924566532793,0.7540321612646663,0.912978571428289,0.4470868408679962,1.971652865409851
741279.3721975565,3391501.69242007,1.8772230040602897,0.7432127134537665,0.9072041965511608,0.4470868408679962,1.958240032196045
741279.3837245164,3391501.758242333,1.9451864423154355,0.7234527300454393,0.8815396770971277,0.43814510107040405,1.9940069913864136
741279.417704872,3391501.8276921166,2.052762737309827,0.6897351096485097,0.9063473985258389,0.3755529224872589,2.0163614749908447
741279.424204189,3391501.85036418,2.0880612065041193,0.6572417958651202,0.8316290839270326,0.27272289991378784,2.0163614749908447
741279.4298504088,3391501.8725009295,2.1153491534555613,0.6110766556550637,0.8400196042445363,0.2637811601161957,2.0163614749908447
741279.4626493312,3391501.911617196,2.1901021877518083,0.6064866651420051,0.9075816191474594,0.13859698176383972,2.025303363800049
741279.5148845791,3391501.9207227803,2.2709351855271933,0.6049158186523409,0.8688228395266924,0.07600479573011398,2.0387156009674072
741279.5166121967,3391501.9396724934,2.297148879873925,0.5833506549839091,0.8033932552331947,0.044708702713251114,2.0387156009674072
741279.5148551724,3391501.957881267,2.3228897299691136,0.5903469369001378,0.8033932552331947,0.03576696291565895,2.025303363800049
741279.5551875301,3391501.982128263,2.384156083741523,0.5277520026828324,0.8256615035510936,-0.0,2.052128553390503
741279.5693529902,3391502.0134601807,2.459767687883698,0.4504969864842028,0.9294012241145142,-0.0,2.052128553390503
741279.5782970784,3391502.0258308602,2.495301780255435,0.4345820298654753,0.9432492668834627,-0.0,2.0387156009674072
741279.5900941084,3391502.037611727,2.5315382147856527,0.41672332432643167,0.9663625564228037,-0.0,2.0387156009674072
741279.634542653,3391502.0961023886,2.6525242249483796,0.3532839761327033,0.9777023764445688,-0.0,1.9940069913864136
741279.6670412614,3391502.1252661096,2.7291588824233095,0.3307216701003156,0.9853414501617324,-0.0,1.9940069913864136
741279.6742296517,3391502.1652142894,2.771557072767643,0.2926292304071828,0.9866437677284838,-0.0,1.9940069913864136
741279.6847541882,3391502.1856300626,2.8148017488644594,0.2633597751676067,1.017769575447614,-0.0,2.0163614749908447
741279.693915161,3391502.2048871038,2.8576477497460893,0.2265079389520228,1.028956428090844,-0.0,1.9269441366195679
741279.7041175023,3391502.222141391,2.8974970286111095,0.22937378569420525,1.052315018165416,-0.0,1.8911771774291992
741279.7160674685,3391502.259340756,2.981846930343025,0.17360973618295936,1.0268688888364814,-0.0,1.7346967458724976
741279.7206346677,3391502.2761832927,3.024233802252726,0.13775242331049328,0.9932310654309996,-0.0,1.4038524627685547
741279.7234082407,3391502.2876499267,3.0582239935615165,0.11162757144994545,0.9177927756640468,-0.0,1.3367894887924194
741279.7258910681,3391502.29302981,3.0846674521312947,0.09300077850121136,0.7278787872023823,-0.0,0.9970034956932068
741279.7308408606,3391502.327410757,3.120509206187963,0.06674591259971946,0.6522712964490838,-0.0,0.9433530569076538
741279.7307065765,3391502.331620936,-3.1157428136269942,0.013034120105003804,0.5602815010311272,-0.0,0.7511058449745178
741279.732613513,3391502.3310122327,-3.092927113094121,0.01021192267147922,0.4665570314189683,-0.0,0.5812127590179443
741279.7354494492,3391502.3310314137,-3.081654751148143,0.005773710772205573,0.4080976721849779,-0.0,0.5454457998275757
741279.736383738,3391502.3205148587,-3.0704425766428,-0.0024895679170116045,0.29743559960521987,-0.0,0.5901545286178589
741279.7400444172,3391502.3245985527,-3.0601886074976683,-0.008740099740703684,0.2778550341266817,-0.0,0.6035671234130859
741279.7443455848,3391502.331123175,-3.050180847595314,-0.020437540805451324,0.10371155454672071,-0.0,0.8047562837600708
741279.7452794309,3391502.3320565023,-3.0514417212134113,-0.013226469615531481,0.03976614654732928,-0.0,0.7734602093696594
741279.7583422244,3391502.337304233,-3.0490675131016065,3.9407887017116425e-05,0.11010291480339564,-0.0,0.8315814733505249
741279.76206828,3391502.3449200974,-3.0332913462781406,0.009044298489774727,0.18975232735477543,-0.0,0.9299404621124268
741279.7460975058,3391502.338464441,-3.0172259601602924,0.005387241409586211,0.19511912560675806,-0.0,0.7824019193649292
741279.747298064,3391502.3416362954,-3.001380817464593,-0.0025232625168244783,0.21939650291129095,-0.0,0.6259214878082275
741279.749535847,3391502.3474008013,-2.980149298306154,-0.004372106631225741,0.24350506957006676,-0.0,0.5365042686462402
741279.7499454569,3391502.353204454,-2.9569580920595806,0.009999337016410774,0.2600345879784353,-0.0,0.4247324764728546
741279.7493934752,3391502.3510272563,-2.944030974970282,0.00609947194752582,0.22656298682346593,-0.0,0.10730088502168655
741279.7509107635,3391502.350917827,-2.937459491822456,-0.00011008412356841319,0.17972886065724894,-0.0,0.09388827532529831
741279.7623520263,3391502.3702203105,-2.9295364544214166,-0.010914523352782297,0.17437769568197145,-0.0,-0.0
741279.7612921527,3391502.36949729,-2.933498572333182,-0.00960591012957047,0.14512281382915973,-0.0,-0.0
741279.7624219548,3391502.3705877424,-2.9200177840532557,-0.01329063820674824,0.05105514063478393,-0.0,-0.0
741279.7637089654,3391502.3689006325,-2.924973660525784,-0.014987053549300404,-0.04591167101067387,-0.0,-0.0
741279.7798362204,3391502.3894330095,-2.926138926660748,-0.008486534883854091,-0.0018259506618623356,-0.0,-0.0
741279.7838029409,3391502.395125175,-2.921114207474041,-0.013211398531198926,-0.008132873278489636,-0.0,-0.0
741279.7858611133,3391502.3859288464,-2.924863006182491,-0.007745976285514959,-0.012938614360583562,0.0,0.0
741279.7872921026,3391502.3845727355,-2.9266116377542364,-0.006059391678877847,0.0030114077714182273,0.0,0.0
741279.788757486,3391502.3843846563,-2.926501915517326,-0.004630959343229341,0.0023757171597142907,0.0,0.0
741279.7902296991,3391502.3850401957,-2.925605628652459,-0.005317840198145355,-0.008679033898389307,0.0,0.0
741279.7918465076,3391502.385648479,-2.9253857847044733,-0.004064239492497932,-0.007089843089916503,0.0,0.0
741279.7648353842,3391502.36774792,-2.925842783147531,-0.005530239418169094,-0.004428231811141233,0.0,0.0
741279.7657980152,3391502.3681962257,-2.926010295980097,-0.0050198229851366825,-0.0038897629649420713,0.0,0.0
741279.7669711761,3391502.3688174305,-2.9257057635094466,-0.00518222514452605,-0.003968017396068904,0.0,0.0
741279.7681593027,3391502.369109633,-2.9256391844821943,-0.005465327548100711,-0.006449280982672536,0.0,0.0
741279.7691946861,3391502.368877,-2.925867151071505,-0.004982519219050956,-0.004430989106528652,0.0,0.0
741279.7750286266,3391502.3781522466,-2.926106302937394,0.00032799404542036036,-0.004427175694426624,0.0,0.0
741279.7745897281,3391502.378296602,-2.926025742314419,0.0008569279117662697,-0.004427097321673223,0.0,0.0
741279.7760422238,3391502.3778786575,-2.9261853988217688,0.00016610581680320943,-0.005462592391365462,0.0,0.0
741279.7770074029,3391502.3776845573,-2.926362365876205,-0.001377309824215148,-0.00548246538414802,0.0,0.0
741279.7780002768,3391502.377574034,-2.926620026711671,-0.0002430600785863209,-0.00496024000789589,0.0,0.0
741279.7790930786,3391502.377635126,-2.9267559810853196,-0.0027661454066077616,-0.004429166617807556,0.0,0.0
741279.7836747575,3391502.3718549907,-2.9267466600215037,-0.0031218579585640793,-0.004428212256214257,0.0,0.0
741279.7847816013,3391502.3719907035,-2.9268028527205043,-0.003237396746355749,-0.003364996367473546,0.0,0.0
741279.7857557163,3391502.3720703903,-2.9269354781427896,-0.0032010833282935733,-0.003906670777313841,0.0,0.0
741279.7867762715,3391502.3720948156,-2.926967835550035,-0.00289803196899038,-0.0033750468630670584,0.0,0.0
741279.7876985356,3391502.371951909,-2.926986877151829,-0.0024691947434218606,-0.002831900533000612,0.0,0.0
